"","program_name","dementia_specific","certification","occupancy","county","adminfirstname","adminlastname","phone","fax1","email","location_1","location_1_address","location_1_city","location_1_state","location_1_zip","zip5","zip9","coords","lat","long"
"1","Aspen Heights Assisted Living","No","S0320",48,"Sioux","Michael","Grevengoed","(712) 439-6715","(712) 439-6717","aheights@premieronline.net","","1410 Aspen Street","Hull","Iowa",51239,51239,51239,NA,NA,NA
"2","Bavarian Meadows","No","S0293",44,"Plymouth","Rebecca","Staab","(712) 786-1660","(712) 786-1662","bmeadows@midland.net","","632 - L14; PO Box 265","Remsen","Iowa",51050,51050,51050,NA,NA,NA
"3","Bridges at Ankeny","Yes","S0358",30,"Polk","Mark","Walker","(515) 963-9815","(515) 964-7716","mwalker@thebridgesankeny.com","","3510 NW Abilene Road","Ankeny","Iowa",50023,50023,50023,NA,NA,NA
"4","Char-Mac of Manning","No","S0356",42,"Carroll","Tanner","Chartier","(712) 655-4893","(712) 655-4949","tanner@char-mac.com","","203 11th Street","Manning","Iowa",51455,51455,51455,NA,NA,NA
"5","Deerfield Place","No","S0304",32,"Franklin","Jackie","Jass","(641) 892-8080","(641) 892-8081","managerdeerfieldplace@outlook.com","","505 East Gilman St","Sheffield","Iowa",50475,50475,50475,NA,NA,NA
"6","Emery Place","Yes","S0351",62,"Linn","Debbie","Crosser","(319) 536-0045","(319) 536-0047","manager@emeryplaceliving.com","","901 South Mentzer Road","Robins","Iowa",52328,52328,52328,NA,NA,NA
"7","Golden Horizons","No","S0316",46,"Ida","Suelinn","Grant","(712) 364-4128","(712) 364-2002","sgrant@goldenhorizons.org","","800 Byron Godbersen Drive","Ida Grove","Iowa",51445,51445,51445,NA,NA,NA
"8","Good Samaritan Society - Timber Ridge","No","S0310",48,"Wapello","Pamela","Wilson","(641) 684-3553","(641) 684-3557","pwilson3@good-sam.com","","#2 Oak Ridge Road","Ottumwa","Iowa",52501,52501,52501,NA,NA,NA
"9","Irving Point","No","S0286",110,"Linn","Tina","Perry","(319) 294-5007","(319) 337-2430","tperry@keywaymanagement.com","","910 7th Avenue SE","Cedar Rapids","Iowa",52401,52401,52401,NA,NA,NA
"10","Lakeside Assisted Living","No","S0340",24,"Palo Alto","Donna","Rierson","(712) 852-4060","(712) 852-9914","drierson@lakesidelutheranhome.com","","401 North Lawler Street","Emmetsburg","Iowa",50536,50536,50536,NA,NA,NA
"11","Lamoni AL","No","S0256",10,"Decatur","Jacqueline","Welchans","(641) 784-8910","(641) 784-8913","jwelchans@careinitiatives.org; rmccoy@careinitiatives.org","","810 East Third","Lamoni","Iowa",501401300,50140,501401300,NA,NA,NA
"12","Lincolnwood AL","No","S0082",54,"Delaware","Kaylee","Ries","(563) 928-6461","(563) 928-6462","laliving@iowatelecom.net; shejda@assistedlivingpartners.com","","302 W Lincoln, PO Box 189","Edgewood","Iowa",520420189,52042,520420189,NA,NA,NA
"13","Parkview Assisted Living","No","S0189",20,"Buchanan","Tiffanie","Michels","(319) 635-2585","(319) 635-2177","parkviewassistedliving@gmail.com","","114 Forest Street","Fairbank","Iowa",506297713,50629,506297713,NA,NA,NA
"14","Terrace Park Sr Living","No","S0109",32,"Decatur","Jonda ","Petty","(641) 446-8396","(641) 446-8398","terrpark@grm.net","","201SW Lorraine","Leon","Iowa",501441182,50144,501441182,NA,NA,NA
"15","Valley View Assisted Living","No","S0185",24,"Iowa","Jody ","Morrison","(319) 664-3257","(319) 664-3875","evncc@netins.net","","150 W. Washington, Po Box 430","North English","Iowa",523169514,52316,523169514,NA,NA,NA
"16","Waukee Memory Care, LLC","Yes","S0317",32,"Dallas","Amy","Barth","(515) 987-4103","(515) 987-5795","abarth@watermarkcommunities.com","","1505 SE Laurel Street","Waukee","Iowa",50263,50263,50263,NA,NA,NA
"17","Willows (The)","Yes","S0230",12,"Henry","Sheila","Matheney","(319) 385-1403","(319) 219-2962","sheila@arborcourt.net","","710 Arbor Court","Mt. Pleasant","Iowa",526411400,52641,526411400,NA,NA,NA
"18","Arlington Place of Pocahontas","Yes","S0226",63,"Pocahontas","Lauri","Fulkerth","(712) 335-3020","(712) 335-5875","managerph@arlingtonplaceretirement.com","POINT (-94.660529 42.73453)","101 NE 5th Street","Pocahontas","Iowa",505742139,50574,505742139,NA,NA,NA
"19","Forest Plaza AL","No","S0131",80,"Winnebago","Rick","Burke","(641) 585-1555","(641) 585-2522","rick@forestplaza.biz","POINT (-93.629477 43.270325)","635 Hwy. 9 East","Forest City","Iowa",504361028,50436,504361028,NA,NA,NA
"20","Circle Terrace Lodge","No","S0234",8,"Worth","Kimber","Kleven","(641) 454-2223","(641) 454-2124","kkleven@careinitiatives.org; rmccoy@careinitiatives.org","POINT (-93.197222 43.282715)","155 Circle Terrace","Manly","Iowa",504565073,50456,504565073,NA,NA,NA
"21","Parkview Assisted Living","No","S0274",24,"Carroll","Michael","Hocking","(712) 999-0120","(712) 999-5669","mhocking@thomasresthaven.org","POINT (-94.673563 41.871983)","210 Park Street","Coon Rapids","Iowa",50058,50058,50058,NA,NA,NA
"22","Cardinal Grove","No","S0119",28,"Hancock","Sue","Boehnke","(641) 923-2114","(641) 923-0074","sboehnke@abcmcorp.com","POINT (-93.609015 43.091078)","1355 Division Street","Garner","Iowa",504381968,50438,504381968,NA,NA,NA
"23","Apple Valley Hampton","No","S0126",42,"Franklin","Terri","Cosselman","(641) 456-4692","(641) 456-4854","aval@cltel.net","POINT (-93.186491 42.741278)","1724 Central Avenue East","Hampton","Iowa",504411865,50441,504411865,NA,NA,NA
"24","Homestead of Creston Operations LLC","Yes","S0270",64,"Union","Gloria","Rink","(641) 782-3131","(641) 782-3176","grink@homesteadofcreston.com","POINT (-94.382366 41.067505)","1709 West Prairie","Creston","Iowa",508011321,50801,508011321,NA,NA,NA
"25","Cresco Assisted Living","No","S0210",54,"Howard","Heidi","Rice","(563) 547-2364","(563) 547-5013","crescoassistedliving@gmail.com","POINT (-92.113941 43.383133)","1004 North Elm Street","Cresco","Iowa",521361097,52136,521361097,NA,NA,NA
"26","Elm Crest Retirement Comm","No","S0059",64,"Shelby","Kathy","Goede","(712) 755-5174","(712) 755-5654","kgoede@abhomes.org; tnauslar@abhomes.org","POINT (-95.325453 41.649351)","2108 12th Street","Harlan","Iowa",515372023,51537,515372023,NA,NA,NA
"27","SunnyBrook of Fort Madison","Yes","S0280",70,"Lee","Sarah","Martin","(319) 372-8611","(319) 372-8131","administrator@sunnybrookftmadison.com","POINT (-91.377808 40.631599)","5025 River Valley Road","Fort Madison","Iowa",52627,52627,52627,NA,NA,NA
"28","Wesley the Village","No","S0212",28,"Warren","Jim","Clindaniel","(515) 961-7458","(515) 961-0898","jclindaniel@wesleylife.org","POINT (-93.743829 40.745389)","1203 North E Street","Indianola","Iowa",501253276,50125,501253276,NA,NA,NA
"29","Landsmeer Ridge Retirement Comm","No","S0037",44,"Sioux","Rob ","Gotto","(712) 737-8947","(712) 737-8934","gottor@ochealthsystem.org","POINT (-96.043067 43.012091)","1007 7th Street, NE","Orange City","Iowa",510411190,51041,510411190,NA,NA,NA
"30","Maple Manor Village","No","S0048",36,"Butler","Sharon","Quail","(319) 347-1502","(319) 347-6347","squail@abcmcorp.com","POINT (-92.875046 42.584014)","343 Parriott","Aplington","Iowa",506041063,50604,506041063,NA,NA,NA
"31","Prairie Hills at Cedar Rapids","No","S0277",86,"Linn","Cheri","Schultz","(319) 390-7700","(319) 390-3347","edcedarrapids@symphonyseniorliving.com","POINT (-91.710552 41.979949)","2903 F Avenue NW","Cedar Rapids","Iowa",52405,52405,52405,NA,NA,NA
"32","Pioneer Place AL","Yes","S0061",42,"Johnson","Chris","Wolf","(319) 629-4255","(319) 629-4505","lthccadmin@lthcc.com","POINT (-91.422957 41.481522)","415 E Pioneer Rd","Lone Tree","Iowa",527559709,52755,527559709,NA,NA,NA
"33","Gardens @ Cherokee","No","S0278",68,"Cherokee","Jana","Utesch","(712) 225-2999","(712) 225-6290","manager.cherokee@gardenslifestyle.com","POINT (-95.551215 42.770711)","1610 Highway 3","Cherokee","Iowa",51012,51012,51012,NA,NA,NA
"34","Windsor Manor Vinton","Yes","S0254",72,"Benton","Lisa","Staab","(319) 472-2060","(319) 472-2112","lisa.staab@windsor-manor.com","POINT (-92.044955 42.166651)","1807 West 5th Street","Vinton","Iowa",523492474,52349,523492474,NA,NA,NA
"35","Bickford Cottage Burlington","Yes","S0011",55,"Des Moines","Julie","Hoschek","(319) 754-7500","(319) 754-0447","Julie.hoschek@enrichinghappiness.com","POINT (-91.143022 40.799424)","3301 Sterling Dr","Burlington","Iowa",526018660,52601,526018660,NA,NA,NA
"36","Vriendschap Village No","Yes","S0167",82,"Marion","Lori","Garrard","(641) 628-9043","(641) 628-4259","lgarrard@watermarkcommunities.com","POINT (-92.953868 41.407339)","2604 Fifield Road","Pella","Iowa",502197925,50219,502197925,NA,NA,NA
"37","Pennington Square","No","S0110",48,"Jones","Tammy","Gillmore","(319) 465-2013","","tammy.gillmore@yahoo.com; dchensvold@yahoo.com 
","POINT (-91.184563 42.228211)","502 Pinehaven Dr","Monticello","Iowa",523102062,52310,523102062,NA,NA,NA
"38","Maggie's House Assisted Living","No","S0089",40,"Clinton","JoElla","O'Connell","(563) 659-1678","(563) 659-1618","joconnell@maggieshouse.com","POINT (-90.531871 41.816978)","107 E 2nd","DeWitt","Iowa",527422140,52742,527422140,NA,NA,NA
"39","Vista Prairie at Fieldcrest AL","Yes","S0135",152,"O'Brien","Joshua","Von holdt","(712) 324-2338","(712) 324-5331","joshuavonholdt@vistaprairie.org","POINT (-95.825498 43.182375)","2501 East 6th Street","Sheldon","Iowa",512011763,51201,512011763,NA,NA,NA
"40","SunnyBrook of Muscatine","Yes","S0288",100,"Muscatine","Monte","Priske","(563) 263-5108","(563) 264-6069","administrator@sunnybrookmuscatine.com","POINT (-91.078726 41.447409)","3515 Diana Queen Drive","Muscatine","Iowa",52761,52761,52761,NA,NA,NA
"41","Sitler Center for Helpful Living","Yes","S0005",52,"Washington","Chris","Marshall","(319) 653-7264","(319) 653-8383","cmarshall@wesleylife.org","POINT (-91.691878 41.289012)","1015 S Iowa Ave","Washington","Iowa",523531126,52353,523531126,NA,NA,NA
"42","Suites of Ankeny","No","S0357",68,"Polk","Tricia","Heberer","(515) 635-0936","(515) 635-0967","theberer@sunnyviewcarecenter.com","POINT (-93.610029 41.735417)","420 NW Ash Drive","Ankeny","Iowa",50021,50021,50021,NA,NA,NA
"43","Bickford Cottage Clinton","Yes","S0010",65,"Clinton","Kim ","Schaffer","(563) 242-2400","(563) 242-7620","kim.schaffer@enrichinghappiness.com","POINT (-90.213883 41.859318)","1150 13th Ave N","Clinton","Iowa",527323402,52732,527323402,NA,NA,NA
"44","River Ridge & Gardens at Friendship Haven","Yes","S0198",165,"Webster","Brett","Asay","(515) 573-2121","(515) 573-6077","brett.asay@friendshiphaven.org","POINT (-94.207517 42.484352)","420 Kenyon Road","Fort Dodge","Iowa",505015749,50501,505015749,NA,NA,NA
"45","Homestead of Knoxville Memory Care Center","Yes","S0322",24,"Marion","Kristi","Zellmer","(641) 842-3986","(641) 842-3988","kzellmer@homesteadofknoxville.com","POINT (-93.119045 41.313398)","711 South Willetts Drive","Knoxville","Iowa",50138,50138,50138,NA,NA,NA
"46","Welcov at Spirit Lake","No","S0025",53,"Dickinson","Kathleen","Johnson","(712) 336-3553","(712) 336-4478","kathleen.biittner@welcov.com","POINT (-95.116932 43.418353)","1819 23rd St","Spirit Lake","Iowa",513607096,51360,513607096,NA,NA,NA
"47","Char Mac AL of Lawton","No","S0074",50,"Woodbury","Jeanine ","Chartier","(712) 944-4893","(712) 944-4853","charmacj@wiatel.net","POINT (-96.182681 42.474983)","200 E Char-Mac Dr","Lawton","Iowa",510308171,51030,510308171,NA,NA,NA
"48","Park Place Estates","No","S0021",60,"Plymouth","Sandra","Reuter","(712) 546-6793","(712) 546-8085","ppe@floydvalley.org","POINT (-96.150211 42.799863)","900 Lincoln St NE","LeMars","Iowa",510313345,51031,510313345,NA,NA,NA
"49","Rose Vista Assisted Living","No","S0156",15,"Harrison","Noel ","Sherer","(712) 647-2010","(712) 647-3235","sherers@rosevista.net","POINT (-95.709967 41.743775)","1108 Park Street, Po Box 6","Woodbine","Iowa",515790006,51579,515790006,NA,NA,NA
"50","Melrose Meadows Retirement Community","No","S0159",52,"Johnson","Jody","Thomas","(319) 341-7893","(319) 248-1183","jthomas.mm@mchsi.com","POINT (-91.585879 41.655916)","350 Dublin Drive","Iowa City","Iowa",522466013,52246,522466013,NA,NA,NA
"51","Leahy Grove Independent and Assisted Living","No","S0305",32,"Franklin","Morgan","Prestholt","(641) 456-2701","(641) 456-5180","mallbee@abcmcorp.com","POINT (-93.204948 42.735937)","800 Second Street SE","Hampton","Iowa",504412626,50441,504412626,NA,NA,NA
"52","Arbor Heights at University","No","S0072",25,"Polk","Terry","Cooper","(515) 284-1280","(515) 284-0127","terry.cooper@pcitexas.net","POINT (-93.621109 41.600418)","233 University Ave","Des Moines","Iowa",503143124,50314,503143124,NA,NA,NA
"53","Hawkeye AL","No","S0294",18,"Kossuth","Jeanne","Kinney","(515) 885-2463","(515) 885-2759","jkinney@hawkeyecare.com","POINT (-94.20907 43.292911)","548 East Ramsey","Bancroft","Iowa",50517,50517,50517,NA,NA,NA
"54","Winding Creek Meadows","No","S0338",48,"Buchanan","Rochelle","Kane","(319) 827-1052","(319) 827-1058","Rochelle.kane@westernhome.org","POINT (-92.059055 42.473988)","1044 9th Street","Jesup","Iowa",50648,50648,50648,NA,NA,NA
"55","Belle Haven Independent and Assisted Living","No","S0291",32,"Wright","Carla","Mahler","(641) 444-3915","(641) 444-7122","cmahler@abcmcorp.com","POINT (-93.602408 42.851882)","815 Luicks Lane North","Belmond","Iowa",504217664,50421,504217664,NA,NA,NA
"56","Colonial Estates","No","S0311",18,"Louisa","Sarah","Hand","(319) 728-2276","(319) 728-8998","shand@colonialmanors.com","POINT (-91.370511 41.272409)","815 Colonial Lane","Columbus Junction","Iowa",52738,52738,52738,NA,NA,NA
"57","Rosebush Gardens","No","S0067",72,"Des Moines","Cheryl","Thoma","(319) 752-1200","(319) 752-5800","rosebushgardens1@gmail.com","POINT (-91.16217 40.796996)","4925 West Ave","Burlington","Iowa",526010000,52601,526010000,NA,NA,NA
"58","Heritage at Fox Run Assisted Living","No","S0193",132,"Pottawattamie","Ron","Perry","(712) 256-2741","(712) 256-7609","rperry@foxrunassisted.com","POINT (-95.894405 41.211216)","3121 MacIneery Drive","Council Bluffs","Iowa",51501,51501,51501,NA,NA,NA
"59","Afton Oaks AL","No","S0094",20,"Howard","Bill","Byerly","(641) 393-2134","(641) 393-2004","bbyerly@abcmcorp.com","POINT (-92.446425 43.243914)","405 9th St","Elma","Iowa",506288376,50628,506288376,NA,NA,NA
"60","Deerfield Retirement Community, Inc.","No","S0362",40,"Polk","Amy","LaCroix","(515) 331-6903","(515) 331-6955","amy.lacroix@lifespacecommunities.com","POINT (-93.807994 41.614977)","13731 Hickman Road","Urbandale","Iowa",50323,50323,50323,NA,NA,NA
"61","Country Manor Memory Care","Yes","S0017",36,"Scott","Nichole","Will","(563) 391-1111","(563) 391-6267","nwill@countrymanormc.com","POINT (-90.586824 41.567544)","900 W 46th St","Davenport","Iowa",528060000,52806,528060000,NA,NA,NA
"62","Ellen Kennedy Living Center","No","S0155",64,"Dubuque","Kari ","Wittmeyer","(563) 875-6323","(563) 875-6268","wittmeyk@mercyhealth.com","POINT (-91.134226 42.475735)","1177 7th Street SW","Dyersville","Iowa",520402513,52040,520402513,NA,NA,NA
"63","Vintage Hills Retirement Community","Yes","S0314",130,"Warren","Lyn","Hilgenberg","(515) 961-1924","(515) 961-1956","lhilgenberg@watermarkcommunities.com","POINT (-93.553527 41.380114)","604 E. Hillcrest Avenue","Indianola","Iowa",501251759,50125,501251759,NA,NA,NA
"64","Assisi Village Assisted Living","No","S0301",44,"Dubuque","Lisa","Crawford","(563) 583-8234","(563) 583-8398","lcrawford@stonehilldbq.com","POINT (-90.670899 42.533482)","1001 Assisi Drive","Dubuque","Iowa",520011312,52001,520011312,NA,NA,NA
"65","Northwood Pines","No","S0271",32,"Worth","Susan","Nelson","(641) 324-0061","(641) 324-0062","susan.nelson@northwoodLRH.org","POINT (-93.218429 43.451761)","700 10th Street, North","Northwood","Iowa",504591004,50459,504591004,NA,NA,NA
"66","Turner Pointe Assisted Living","No","S0246",18,"Clayton","Deanna","Kahler","(563) 873-3527","(563) 873-3723","dkahlergrcc@gmail.com ","POINT (-91.190071 43.020897)","1203 Buell Avenue","McGregor","Iowa",521577501,52157,521577501,NA,NA,NA
"67","Prairie Hills at Des Moines","Yes","S0299",128,"Polk","Patti","Hayes","(515) 256-9143","(515) 287-2945","eddesmoines@symphonyseniorliving.com","POINT (-93.56603 41.531043)","5815 SE 27th Street","Des Moines","Iowa",503209319,50320,503209319,NA,NA,NA
"68","Keystone Place at Forevergreen","Yes","S0360",152,"Johnson","Mary Jo","Pipkin","(319) 459-1964","(319) 459-1967","mjpipkin@keystonesenior.com","POINT (-91.619345 41.723195)","1275 West Forevergreen Road","North Liberty","Iowa",52317,52317,52317,NA,NA,NA
"69","Senior Suites of Urbandale","No","S0098",98,"Polk","Dee ","Luttenegger","(515) 270-9700","(515) 270-9582","dlutt@mchsi.com","POINT (-93.733206 41.645608)","4700 84th St","Urbandale","Iowa",503227352,50322,503227352,NA,NA,NA
"70","Ashbrook Assisted Living","No","S0143",82,"Hardin","Julie","Feeney","(641) 648-8080","(641) 648-8076","jfeeney@slcif.com ","POINT (-93.261052 42.527019)","1121 Fremont Street","Iowa Falls","Iowa",501261389,50126,501261389,NA,NA,NA
"71","Senior Star at Elmore Place NoD","Yes","S0292",50,"Scott","Amanda","Buchholz","(563) 359-0100","(563) 359-3331","abuchholz@seniorstar.com","POINT (-90.524646 41.566488)","4504 Elmore Avenue","Davenport","Iowa",52807,52807,52807,NA,NA,NA
"72","Terrace AL of Hillcrest Home, Inc.","No","S0363",32,"Bremer","Amanda","Warnke","(563) 578-8591","(563) 578-8091","awarnkealdirector@outlook.com","POINT (-92.110037 42.847432)","915 West 1st Street","Sumner","Iowa",50674,50674,50674,NA,NA,NA
"73","Rose of East Des Moines","No","S0282",128,"Polk","Mary Alice","Mullin","(515) 883-1000","(515) 244-3460","roseofedmadmin@rosecommunities-alf.com; Rosepersonnel@rosecommunities-alf.com; roseoperations@rosecommunities-alf.com","POINT (-93.599036 41.603179)","1331 Idaho Street","Des Moines","Iowa",503162463,50316,503162463,NA,NA,NA
"74","Lutheran Home Apts","No","S0034",36,"Benton","Christine","Smith","(319) 472-2092","(319) 472-3070","c.smith@lhaa-e.org","POINT (-92.023044 42.157915)","1413 2nd Ave","Vinton","Iowa",523491695,52349,523491695,NA,NA,NA
"75","Village Ridge","Yes","S0026",104,"Linn","Diana","Niemeier","(319) 377-9808","(319) 377-9821","diana@marionvillages.com","POINT (-91.614611 42.029373)","365 Marion Blvd","Marion","Iowa",523023139,52302,523023139,NA,NA,NA
"76","Mica Hill Estates","No","S0097",28,"Sioux","Melodee ","Wilkens","(712) 551-1074","(712) 551-2393","mwilkens@ensigngroup.net","POINT (-96.480132 43.009561)","2121 Ave L","Hawarden","Iowa",510231361,51023,510231361,NA,NA,NA
"77","Rose of Des Moines","No","S0223",104,"Polk","Jill","Clements","(515) 244-3300","(515) 271-7453","roseofdmadmin@rosecommunities-alf.com; Rosepersonnel@rosecommunities-alf.com; roseoperations@rosecommunities-alf.com","POINT (-93.642632 41.603664)","1330 19TH STREET","DES MOINES","Iowa",503145000,50314,503145000,NA,NA,NA
"78","Gardens at Luther Park","Yes","S0241",100,"Polk","Julie","Reed","(515) 262-5639","(515) 266-2688","jreed@lutherparkcommunity.org","POINT (-93.594455 41.621585)","2910 E. 16th Street","Des Moines","Iowa",503161825,50316,503161825,NA,NA,NA
"79","Arlington Place of Oelwein","Yes","S0157",54,"Fayette","Brett","Ingersoll","(319) 283-3334","(319) 283-3510","managerow@arlingtonplaceretirement.com","POINT (-91.930889 42.674613)","1101 3rd Street SW","Oelwein","Iowa",506622001,50662,506622001,NA,NA,NA
"80","Prime Assisted Living","No","S0197",54,"Plymouth","Jean","Parrish","(712) 548-5488","(712) 546-6299","primelivingjp@frontiernet.net","POINT (-96.167786 42.794391)","108 1st Avenue NW","LeMars","Iowa",510313542,51031,510313542,NA,NA,NA
"81","Stanard Family Assisted Living Center, Inc.","No","S0036",170,"Blackhawk","Ronda","Eick","(319) 277-2141","(319) 277-5158","ronda.eick@westernhome.org","POINT (-92.441166 42.528672)","420 E 11th St","Cedar Falls","Iowa",506133364,50613,506133364,NA,NA,NA
"82","Willow Dale Independent & Assisted Living","No","S0180",20,"Ida","Mary Ellen","Carr","(712) 365-4338","(712) 365-4855","mcarr@abcmcorp.com","POINT (-95.597923 42.316476)","118 North Ida Street","Battle Creek","Iowa",510069425,51006,510069425,NA,NA,NA
"83","Oakland Heights","No","S0070",24,"Pottawattamie","Sammarra","Smith","(712) 482-3566","(712) 482-3609","ssmith@mgmhealthcare.com","POINT (-95.385769 41.31609)","904 N Scenic Dr","Oakland","Iowa",515604070,51560,515604070,NA,NA,NA
"84","Homestead of Chariton","No","S0233",70,"Lucas","Kristen","Milledge","(641) 774-2303","(641) 774-2515","kmilledge@midwest-health.com","POINT (-93.301958 41.026924)","1110 North 6th Street","Chariton","Iowa",500491265,50049,500491265,NA,NA,NA
"85","Crown Pointe","No","S0125",44,"Sioux","Laurel","Clarey","(712) 722-8260","(712) 722-8269","laurel.clarey@siouxcenterhealth.org","POINT (-96.16575 43.060947)","1400 7th Ave. SE","Sioux Center","Iowa",512501199,51250,512501199,NA,NA,NA
"86","West Liberty AL Residences","No","S0118",36,"Muscatine","Shelley","Wicks","(319) 627-4775","(319) 627-4738","swicks@simpsonhome.org","POINT (-91.259059 41.578372)","1000 North Miller Street","West Liberty","Iowa",527761102,52776,527761102,NA,NA,NA
"87","Kentucky Ridge Neighborhood AL","No","S0153",120,"Cerro Gordo","Jean ","Palmer","(641) 423-5707","(641) 423-5710","vangrouwj@usa.net","POINT (-93.181254 43.133163)","2060 Kentucky Avenue South","Mason City","Iowa",504017129,50401,504017129,NA,NA,NA
"88","Bickford Cottage Muscatine","Yes","S0009",56,"Muscatine","Mindy","Rowe","(563) 263-6600","(563) 263-4310","mindy.rowe@enrichinghappiness.com","POINT (-91.076947 41.435957)","2807 Cedar St","Muscatine","Iowa",527612276,52761,527612276,NA,NA,NA
"89","Sunset Park Place Company LLC","Yes","S0127",101,"Dubuque","Jerry","Bell","(563) 583-7939","(563) 583-2982","jerry@sunsetparkplace.net","POINT (-90.733177 42.500748)","3730 Pennsylvania Ave","Dubuque","Iowa",520023701,52002,520023701,NA,NA,NA
"90","Griswold Care Center AL","No","S0188",20,"Cass","Jean","Kerber","(712) 778-2534","(712) 778-2675","griswold@tutera.com","POINT (-95.134516 41.236657)","106 Harrison Street","Griswold","Iowa",515358042,51535,515358042,NA,NA,NA
"91","Rock Rapids PE, LLC","No","S0047",39,"Lyon","Payten","Steffen","(712) 472-4100","(712) 472-4231","admin.rrcc@trilliumhcg.com","POINT (-96.172738 43.418176)","1510 S Carroll","Rock Rapids","Iowa",512462078,51246,512462078,NA,NA,NA
"92","Woodland Park Assisted Living","No","S0253",32,"Jones","Dallas","Urbain","(319) 462-2668","(319) 462-5038","woodlandparkanamosa@gmail.com; shejda@assistedlivingpartners.com","POINT (-91.272107 42.104774)","1207 East Third Street","Anamosa","Iowa",522051569,52205,522051569,NA,NA,NA
"93","SunnyBrook of Mt. Pleasant","Yes","S0208",70,"Henry","Jennifer","Millard","(319) 385-7227","(319) 385-3909","Administrator@sunnybrookmtpleasant.com","POINT (-91.526843 40.951718)","1406 East Linden Drive","Mt. Pleasant","Iowa",526411891,52641,526411891,NA,NA,NA
"94","White Oak Estates","No","S0134",24,"Mahaska","Clarice","Wright","(641) 673-4443","(641) 672-2522","whiteoak@iowatelecom.net","POINT (-92.63063 41.302338)","914 N. 12th St.","Oskaloosa","Iowa",525772416,52577,525772416,NA,NA,NA
"95","Park Centre","No","S0201",32,"Jasper","Jasmine","Farver","(641) 791-5000","(641) 791-4522","jyoder@wesleylife.org","POINT (-93.053623 41.703595)","500 1st Street North","Newton","Iowa",502083119,50208,502083119,NA,NA,NA
"96","Sunrise Assisted Living Suites","No","S0297",30,"Tama","Linda","Bevins","(319) 478-2730","(319) 478-2728","linda.sunrisehill@mediacombb.net","POINT (-92.459576 42.18796)","599 Taylor Street","Traer","Iowa",50675,50675,50675,NA,NA,NA
"97","Donald Lundak Assisted Living Center","Yes","S0345",24,"Howard","Cambria","Bullerman","(563) 547-1194","(563) 547-4274","health_services@countrywindsmanor.com","POINT (-92.145821 43.400175)","21668 80th St.","Cresco","Iowa",52136,52136,52136,NA,NA,NA
"98","Prairie Vista Village","No","S0342",68,"Polk","Mika","Welling","(515) 967-8700","(515) 967-6824","executivedirector@prairievistavillage.com","POINT (-93.46465 41.624775)","2785 1st Avenue South","Altoona","Iowa",50009,50009,50009,NA,NA,NA
"99","Faith Home Assisted Living","No","S0231",28,"Mitchell","Aimee","Krebsbach","(641) 832-2580","(641) 832-2582","aimeek.faith@gmail.com","POINT (-92.808398 43.276663)","912 Davidson Drive","Osage","Iowa",504611482,50461,504611482,NA,NA,NA
"100","Windsor Manor AL","Yes","S0352",72,"Emmet","Patty","Youll","(712) 362-0171","(712) 362-0034","patty.youll@windsor-manor.com","POINT (-94.815272 43.40442)","2015 3rd Avenue North","Estherville","Iowa",51334,51334,51334,NA,NA,NA
"101","Hansen House","Yes","S0330",52,"Pottawattamie","Cassie","Erwin","(712) 242-5734","(712) 323-9715","hansenhousellc@cox.net","POINT (-95.878434 41.274473)","2331 Nash Boulevard","Council Bluffs","Iowa",51501,51501,51501,NA,NA,NA
"102","Edgewater Assisted Living","Yes","S0296",96,"Dallas","Heidi","Baker","(515) 978-2400","(515) 978-2436","hbaker@WesleyLife.org","POINT (-93.833196 41.556922)","9250 Edgeline Drive","West Des Moines","Iowa",50266,50266,50266,NA,NA,NA
"103","Hawkeye AL","No","S0298",44,"Dickinson","Daren","Butcher","(712) 338-4742","(712) 338-2281","dbutcher@hawkeyecare.com","POINT (-95.158232 43.328846)","1401 H Avenue","Milford","Iowa",51351,51351,51351,NA,NA,NA
"104","Eagle Pointe Place","No","S0348",138,"Dubuque","Megan","Pedersen","(563) 690-1900","(563) 690-0600","mpedersen@enlivant.com; alclicense@enlivant.com","POINT (-90.731463 42.520854)","2700 Matthew John Drive","Dubuque","Iowa",52002,52002,52002,NA,NA,NA
"105","SunnyBrook of Burlington","Yes","S0287",100,"Des Moines","Josh","Beelman","(319) 752-0260","(319) 754-8782","Administrator@sunnybrookburlington.com; 
nurse@sunnybrookburlington.com","POINT (-91.169277 40.796968)","5175 West Avenue","Burlington","Iowa",52601,52601,52601,NA,NA,NA
"106","Vintage Hills at Prairie Trail","Yes","S0326",108,"Polk","Kristen","Canham","(515) 963-4000","(515) 639-2130","kcanham@watermarkcommunities.com","POINT (-93.619632 41.717859)","1275 SW State Street","Ankeny","Iowa",50023,50023,50023,NA,NA,NA
"107","Windsor Manor Shenandoah","Yes","S0328",70,"Page","Mitch","Fall","(712) 246-2194","(712) 246-6182","mitch.fall@windsor-manor.com
","POINT (-95.35884 40.760943)","601 Harrison Street","Shenandoah","Iowa",51601,51601,51601,NA,NA,NA
"108","Parker Place Retirement","Yes","S0300",74,"Butler","Jake","Bates","(319) 239-7848","(319) 346-9975","manager@parkerplaceretirement.com","POINT (-92.785817 42.570361)","707 Hwy 57","Parkersburg","Iowa",50665,50665,50665,NA,NA,NA
"109","3801 Grand","Yes","S0003",120,"Polk","Cole","Taggart","(515) 255-3499","(515) 255-9344","ctaggart@newburyliving.com","POINT (-93.668638 41.584502)","3801 Grand Ave","Des Moines","Iowa",503122800,50312,503122800,NA,NA,NA
"110","Homestead of Centerville","Yes","S0151",96,"Appanoose","Kristen","Arbogast","(641) 437-1999","(641) 437-4258","karbogast@midwest-health.com","POINT (-92.85817 40.753373)","19999 St. Joseph's Drive","Centerville","Iowa",525449032,52544,525449032,NA,NA,NA
"111","Riverview Terrace","Yes","S0040",114,"Clay","Kerri","Kofoot","(712) 262-5932","(712) 580-5932","kerri.kofoot@stlukelh.com","POINT (-95.125464 43.125357)","1501 St. Luke Drive","Spencer","Iowa",513016073,51301,513016073,NA,NA,NA
"112","Wellington Place","No","S0252 ",68,"Winneshiek","Scott","Marnin","(563) 382-2292","(563) 382-9694","smarnin@wellingtonplacedecorah.com","POINT (-91.735134 43.298159)","2475 River Road","Decorah","Iowa",521017591,52101,521017591,NA,NA,NA
"113","Valley Lodge AL","No","S0140",18,"Woodbury","Tanner","Mackey","(712) 372-4466","(712) 372-4048","tmackey@careinitiatives.org; rmccoy@careinitiatives.org","POINT (-95.776972 42.482121)","1118 East Hwy. 20","Correctionville","Iowa",510168056,51016,510168056,NA,NA,NA
"114","Clover Ridge Place","Yes","S0078",79,"Jackson","Cheri","Orcutt","(563) 652-2125","(563) 652-0145","manager@cloverridgeplace.net","POINT (-90.685366 42.069854)","205 Ehlers Lane","Maquoketa","Iowa",520609615,52060,520609615,NA,NA,NA
"115","Timberland Village","No","S0162",41,"Story","Cindi","Martin","(515) 733-6500","(515) 733-9376","cindi@bethanylife.org","POINT (-93.574906 42.188303)","725 Timberland Drive","Story City","Iowa",502488772,50248,502488772,NA,NA,NA
"116","QHC Madison Square LLC","Yes","S0080",74,"Madison","Tina","Brayton","(515) 462-5087","(515) 462-9058","TBrayton@qhcmcares.com","POINT (-94.015884 41.335444)","209 W Jefferson","Winterset","Iowa",502731676,50273,502731676,NA,NA,NA
"117","Ballard Creek Community","No","S0007",84,"Story","Daniel","Thomas","(515) 597-2555","(515) 597-3877","balcreek@huxcomm.net","POINT (-93.608286 41.902069)","908 N Hwy 69","Huxley","Iowa",501249764,50124,501249764,NA,NA,NA
"118","Lakeview Lodge","Yes","S0107",100,"Blackhawk","Emily","Miller","(319) 291-1300","(319) 291-1360","emiller@fvrc.com","POINT (-92.350607 42.458848)","312 Southbrooke Dr","Waterloo","Iowa",507025804,50702,507025804,NA,NA,NA
"119","Bickford Cottage Fort Dodge","Yes","S0008",49,"Webster","Sarah","Ratcliff","(515) 573-3300","(515) 576-1593","sarah.ratcliff@enrichinghappiness.com","POINT (-94.176376 42.526453)","1536 20th Ave N","Ft Dodge","Iowa",505017134,50501,505017134,NA,NA,NA
"120","Eiler Place","No","S0020",71,"Page","Roger","Salinas","(712) 542-5508","(712) 542-2587","rsalinas@enlivant.com; cwehrkamp@enlivant.com","POINT (-95.050075 40.735071)","920 W Garfield","Clarinda","Iowa",516322072,51632,516322072,NA,NA,NA
"121","Cobble Creek AL of Spencer","No","S0091",12,"Clay","Aimee","Meyer","(712) 262-1430","(712) 262-1454","aimeemeyer25@yahoo.com","POINT (-95.144008 43.160032)","2116 1st Ave E","Spencer","Iowa",513012313,51301,513012313,NA,NA,NA
"122","Homestead of Oskaloosa","Yes","S0186",142,"Mahaska","Candice","Fuller","(641) 672-1090","(641) 672-1116","cfuller@homesteadofoskaloosa.com","POINT (-92.644694 41.276309)","2102 S. Market St.","Oskaloosa","Iowa",525774071,52577,525774071,NA,NA,NA
"123","Aase Haugen AL","No","S0133",35,"Winneshiek","Jeffrey","Schmidt","(563) 382-3603","(563) 382-3606","Administrator@aasehaugen.com; Carolyn.sexton@aasehaugen.com","POINT (-91.802835 43.303699)","8 Ohio Street","Decorah","Iowa",521011563,52101,521011563,NA,NA,NA
"124","Village at Legacy Pointe","No","S0257",80,"Dallas","Amy","Barth","(515) 987-3625","(515) 987-3265","abarth@watermarkcommunities.com","POINT (-93.84037 41.610899)","1654 SE Holiday Crest Circle","Waukee","Iowa",502638685,50263,502638685,NA,NA,NA
"125","Willows (The)","No","S0122",24,"Guthrie","Maradith","Janssen","(515) 523-2815","(515) 523-9123","admin@stuartcommunitycare.com","POINT (-94.324435 41.498231)","324 SW 6th Street","Stuart","Iowa",502502169,50250,502502169,NA,NA,NA
"126","Oakhill Assisted Living Home","No","S0102",12,"Sioux","Jan","Cain","(712) 551-4284","(712) 551-4283","jcain@gohitec.com","POINT (-96.47826 43.012035)","1126 Oak Hill Drive","Hawarden","Iowa",510231368,51023,510231368,NA,NA,NA
"127","Garnett Place","No","S0113",49,"Linn","Kimberly","Emrich","(319) 362-3630","(319) 247-5791","manager@garnettplace.net","POINT (-91.632054 42.013351)","202 35th St Dr SE","Cedar Rapids","Iowa",524031353,52403,524031353,NA,NA,NA
"128","Rose of Council Bluffs","No","S0318",152,"Pottawattamie","Robin","Garcia","(712) 322-1000","(712) 352-1790","roseofcbadmin@rosecommunities-alf.com; Rosepersonnel@rosecommunities-alf.com; roseoperations@rosecommunities-alf.com","POINT (-95.811861 41.280688)","2306 Sherwood Drive","Council Bluffs","Iowa",51503,51503,51503,NA,NA,NA
"129","Otsego Place","No","S0184",84,"Buena Vista","Debbie ","Klatt","(712) 299-4750","(712) 213-1147","dklatt@mmrcsl.org","POINT (-95.206222 42.643448)","520 Otsego Street","Storm Lake","Iowa",505881760,50588,505881760,NA,NA,NA
"130","Westhaven Community","No","S0321",40,"Boone","Barb","Wills","(515) 432-1393","(515) 432-7882","bwills@efreechurchhome.org","POINT (-93.893122 42.060293)","112 West 4th Street","Boone","Iowa",50036,50036,50036,NA,NA,NA
"131","Elmwood PE, LLC","No","S0142",48,"Monona","Kaitlin","Thomas","(712) 423-2510","(712) 423-1754","admin.ewcc@trilliumhcg.com","POINT (-96.103608 42.037345)","190 North 15th Street","Onawa","Iowa",510401071,51040,510401071,NA,NA,NA
"132","River Hills Village","No","S0053",64,"Lee","Heather","Ballew","(319) 524-5772","(319) 524-3001","administrator@riverhillsvillage.com","POINT (-91.412175 40.432012)","20 Village Circle","Keokuk","Iowa",526322040,52632,526322040,NA,NA,NA
"133","Whispering Willow AL","Yes","S0284",52,"Chickasaw","Brent ","Olsen","(563) 237-5075","(563) 237-5074","whispwal@hotmail.com","POINT (-92.194565 42.958643)","601 Dawn Avenue","Fredericksburg","Iowa",506301033,50630,506301033,NA,NA,NA
"134","Courtyard Estates at Hawthorne Crossing","Yes","S0261",80,"Polk","Tina","Overton","(515) 957-8399","(515) 967-4961","manager1@courtyard-estates.net","POINT (-93.455779 41.6941)","601 Hawthorne Crossing Dr. SE","Bondurant","Iowa",500351371,50035,500351371,NA,NA,NA
"135","Edencrest at Riverwoods Assisted Living","Yes","S0339",80,"Polk","Linda","Judkins","(515) 288-4040","(515) 528-2005","Riverwoodsmanager@edencrestliving.com","POINT (-93.5759 41.555135)","2210 East Park Avenue","Des Moines","Iowa",50320,50320,50320,NA,NA,NA
"136","Oak Park Place","Yes","S0218",128,"Dubuque","Dara","Fishnick","(563) 585-4900","(563) 582-6431","dfishnick@oakparkplace.com
","POINT (-90.733815 42.497263)","1381 Oak Park Place","Dubuque","Iowa",520022286,52002,520022286,NA,NA,NA
"137","Newton Village, Inc.","Yes","S0182",88,"Jasper","Timothy","Jordison","(641) 792-1905","(641) 792-0226","tjordison@elimcare.org","POINT (-93.054345 41.703256)","122 N. 5th Avenue West","Newton","Iowa",502083190,50208,502083190,NA,NA,NA
"138","Amelia Place","No","S0344",54,"Pottawattamie","Deb","Snipes","(712) 325-4400","(712) 323-1436","dsnipes@enlivant.com; bpatel@enlivant.com","POINT (-95.798888 41.260659)","57 West Ferndale Drive","Council Bluffs","Iowa",51503,51503,51503,NA,NA,NA
"139","Kennybrook Village","No","S0323",68,"Polk","Linsey","Tjernagel","(515) 986-9925","","linsey.tjernagel@kennybrookvillage.com","POINT (-93.80598 41.687866)","200 SW Brookside Drive","Grimes","Iowa",50111,50111,50111,NA,NA,NA
"140","Bickford Cottage Marion","Yes","S0029",46,"Linn","Holly","Helget","(319) 373-7000","(319) 373-8783","holly.helget@enrichinghappiness.com","POINT (-91.575542 42.037511)","1100 Linden Dr","Marion","Iowa",523027714,52302,523027714,NA,NA,NA
"141","Keystone Cedars","Yes","S0195",141,"Linn","Lisa","Cleland","(319) 393-9500","(319) 393-9501","lcleland@keystonesenior.com","POINT (-91.649616 42.041416)","6325 Rockwell Drive NE","Cedar Rapids","Iowa",524027203,52402,524027203,NA,NA,NA
"142","Mills Harbour Independent/Assisted Living","No","S0262",70,"Winnebago","Amanda","Creen","(641) 592-4900","(641) 592-3052","kcavett@abcmcorp.com; acreen@abcmcorp.com","POINT (-93.529312 43.410198)","311 South 10th Avenue E","Lake Mills","Iowa",504501870,50450,504501870,NA,NA,NA
"143","Odebolt Assisted Living","No","S0250",12,"Sac","Nancy","Snyder","(712) 668-2224","(712) 668-2624","nsnyder@careinitiatives.org; rmccoy@careinitiatives.org","POINT (-95.245268 42.304755)","799 South Des Moines","Odebolt","Iowa",514581032,51458,514581032,NA,NA,NA
"144","Heartland Care Center","No","S0014",21,"Cherokee","LuAnn","Rogge","(712) 376-2500","(712) 376-2512","heartland@midlands.net","POINT (-95.80045 42.818976)","604 E. Fenton","Marcus","Iowa",510357170,51035,510357170,NA,NA,NA
"145","Apple Valley AL","No","S0166",98,"Cerro Gordo","Terri","Cosselman","(641) 357-7083","(641) 257-3038","aval@cltel.net","POINT (-93.387179 43.111885)","405 27th Avenue South","Clear Lake","Iowa",504284012,50428,504284012,NA,NA,NA
"146","Whispering Creek","Yes","S0307",110,"Woodbury","Nicole","Ellermeier","(712) 276-1879","(712) 276-2116","nicolee@whisperingcreekseniorliving.com","POINT (-96.315349 42.463287)","2607 Nicklaus Blvd.","Sioux City","Iowa",51106,51106,51106,NA,NA,NA
"147","Homestead of Osceola","Yes","S0313",86,"Clarke","Michelle","Jameson","(641) 342-1036","(641) 342-1039","mjameson@homesteadofosceola.com","POINT (-93.784796 41.039445)","334 North West View Drive","Osceola","Iowa",50213,50213,50213,NA,NA,NA
"148","Traditions at West Union","Yes","S0265",86,"Fayette","Jacquie","Spier","(563) 422-9200","(563) 422-9300","jspier@oxfordmgmt.com; 
pmoss@oxfordmgmt.com","POINT (-91.815058 42.969257)","609 Hwy 150 N","West Union","Iowa",521751057,52175,521751057,NA,NA,NA
"149","Southfield Wellness Community AL","No","S0141",50,"Hamilton","John","Boughton","(515) 832-3715","(515) 832-3241","jboughton@abcmcorp.com; nkumm@abcmcorp.com","POINT (-93.820749 42.451964)","2414 Des Moines Street","Webster City","Iowa",505953514,50595,505953514,NA,NA,NA
"150","Bethany Heights Assisted Living","No","S0268",120,"Pottawattamie","Paula","Fandry","(712) 328-8228","(712) 328-4058","fandry@bethanylutheranhome.org","POINT (-95.837406 41.279218)","11 Elliott Street","Council Bluffs","Iowa",515030223,51503,515030223,NA,NA,NA
"151","Clearview Estates AL","No","S0100",24,"Ringgold","Shawn ","Cameron","(641) 464-0651","(641) 464-0655","cestates@iowatelecom.net","POINT (-94.242581 40.718002)","500 W Columbus","Mt Ayr","Iowa",508541100,50854,508541100,NA,NA,NA
"152","Regency Assisted Living","No","S0232",60,"Warren","Peggy","Petersen","(515) 981-4576","(515) 981-5348","ppetersen@mgmhealthcare.com","POINT (-93.678245 41.48267)","815 High Road","Norwalk","Iowa",502111462,50211,502111462,NA,NA,NA
"153","Cobblestone Court Assisted Living","No","S0361",62,"Bremer","Ginny","Boeckman","(563) 578-9001","(563) 578-9002","ginny@cobblestonecourtassistedliving.com","POINT (-92.13302 42.847445)","3187 140th Street","Sumner","Iowa",50674,50674,50674,NA,NA,NA
"154","Walnut Ridge Senior Community","Yes","S0289",124,"Polk","Allison","Bass","(515) 457-1111","(515) 224-5376","abass@preshomes.org","POINT (-93.772492 41.606728)","1701 Campus Drive","Clive","Iowa",50325,50325,50325,NA,NA,NA
"155","Perry Lutheran Home AL","No","S0068",9,"Dallas","Quinn","Adair","(515) 465-5342","(515) 465-5344","adminplh@qwestoffice.net","POINT (-94.090266 41.838469)","2323 E Willis Ave","Perry","Iowa",502202148,50220,502202148,NA,NA,NA
"156","Bickford Cottage Cedar Falls","No","S0028",74,"Blackhawk","Kris","Trotter","(319) 266-6800","(319) 277-1294","kris.trotter@enrichinghappiness.com","POINT (-92.418502 42.508827)","5101 University","Cedar Falls","Iowa",506136246,50613,506136246,NA,NA,NA
"157","Courtyard A.L.","No","S0128",18,"Cerro Gordo","Sheri","Weaver-Isvik","(641) 357-1648","(641) 357-7154","sweaver@abcmcorp.com","POINT (-93.392315 43.144458)","401 W. 10th Avenue North","Clear Lake","Iowa",504284202,50428,504284202,NA,NA,NA
"158","Riverside Senior Living","No","S0194",40,"Floyd","David","Ayers","(641) 228-2800","(641) 228-3886","riverside@fiai.net","POINT (-92.688379 43.069762)","209 Park Drive","Charles City","Iowa",506161619,50616,506161619,NA,NA,NA
"159","Bickford Cottage Marshalltown","Yes","S0012",44,"Marshall","Bianca","Greazel","(641) 753-5700","(641) 753-0829","bianca.greazel@enrichinghappiness.com","POINT (-92.911138 42.020632)","101 Newcastle Rd","Marshalltown","Iowa",501585241,50158,501585241,NA,NA,NA
"160","Longview Retirement Apts","No","S0001",36,"Harrison","Christine","Hedger","(712) 642-2264","(712) 642-2578","yvr@aol.com","POINT (-95.884253 41.566876)","1010 Longview Rd","Missouri Valley","Iowa",515551227,51555,515551227,NA,NA,NA
"161","Maples Assisted Living","No","S0204",26,"Fayette","Debbie","Heldt","(563) 425-4160","(563) 425-4401","debbie1620@hotmail.com","POINT (-91.809131 42.841389)","98 Bolger Drive","Fayette","Iowa",521429716,52142,521429716,NA,NA,NA
"162","Silver Pond Assisted Living","No","S0160",20,"Washington","Ryan","Larmore","(319) 646-5802","(319) 646-5809","rlarmore@mgmhealthcare.com","POINT (-91.834168 41.474569)","516 13th St","Wellman","Iowa",523569232,52356,523569232,NA,NA,NA
"163","Mayflower Home","No","S0071",17,"Poweshiek","Edward ","Poush","(641) 236-6151","(641) 236-6154","epoush@mayflowerhomes.com","POINT (-92.722423 41.738895)","927 1st Ave","Grinnell","Iowa",501122480,50112,501122480,NA,NA,NA
"164","Main Street Manor","No","S0312",34,"Kossuth","Kari","Hardt","(515) 477-0139","(712) 362-4648","khardt@abcmcorp.com","POINT (-94.309874 43.383612)","207 3rd Street North","Swea City","Iowa",50590,50590,50590,NA,NA,NA
"165","Lakeside Village","Yes","S0264",128,"Guthrie","Brenda ","Johnson","(641) 755-3443","(641) 755-3980","manager@thelakesidevillage.com; nurse@thelakesidevillage.com","POINT (-94.362679 41.710229)","2067 Highway 4","Panora","Iowa",502168696,50216,502168696,NA,NA,NA
"166","Apple Valley Assisted Living","No","S0283",78,"Mitchell","Terri","Cosselman","(641) 357-7083","(641) 357-1512","aval@cltel.net","POINT (-92.816831 43.271401)","300 Lyndale Street","Osage","Iowa",50461,50461,50461,NA,NA,NA
"167","Grand Haven","Yes","S0260",176,"Scott","Daniel","Collins","(563) 285-4900","(563) 285-4911","manager@grandhavenretirement.com","POINT (-90.580764 41.657571)","201 East Franklin Street","Eldridge","Iowa",527481311,52748,527481311,NA,NA,NA
"168","Cedar Place Assisted Living","No","S0207",44,"Story","Kristi","Eley","(515) 733-9092","(515) 733-2243","kristi@bethanylife.org","POINT (-93.591798 42.183129)","812 Cedar Street","Story City","Iowa",502481472,50248,502481472,NA,NA,NA
"169","Grand JiVante","No","S0332",18,"Hardin","Brooke","Webb","(641) 847-3531","(641) 847-3428","bwebb@grandjivante.com","POINT (-93.048071 42.55222)","1008 Second Avenue","Ackley","Iowa",50601,50601,50601,NA,NA,NA
"170","Claremont's Ramsey Village ","Yes","S0052",10,"Polk","Tron","Dandy","(515) 274-3612","(515) 274-8004","trondandy@ramseyvillage.org","POINT (-93.653561 41.608585)","1611 27th St","Des Moines","Iowa",503105400,50310,503105400,NA,NA,NA
"171","Jersey Ridge Place","Yes","S0079",62,"Scott","Niki","Gillies","(563) 355-2027","(563) 441-9227","director@revealed.net","POINT (-90.541651 41.577703)","5605 Jersey Ridge Rd","Davenport","Iowa",528073132,52807,528073132,NA,NA,NA
"172","Franken Manor","No","S0076",60,"Sioux","Joe","Heitritter","(712) 722-8174","(712) 722-0787","joe.heitritter@siouxcenterhealth.org","POINT (-96.175633 43.08234)","527 North Main Ave","Sioux Center","Iowa",512500000,51250,512500000,NA,NA,NA
"173","Cherry Ridge","No","S0124",24,"Linn","Peggy","Chensvold","(319) 895-8249","(319) 895-6703","pchensvold@abcmcorp.com","POINT (-91.424829 41.91623)","217 Highway 30 West","Mt Vernon","Iowa",523141597,52314,523141597,NA,NA,NA
"174","Oak Estates","No","S0105",32,"Grundy","Kara","Butler","(641) 366-3115","(641) 366-3100","k.butler@oakviewinc.net","POINT (-92.868407 42.224285)","110 Alice Street","Conrad","Iowa",506212019,50621,506212019,NA,NA,NA
"175","Oaknoll AL","Yes","S0093",84,"Johnson","Jaclyn","Hoffman","(319) 351-1720","(319) 351-6772","jhoffman@oaknoll.com","POINT (-91.555911 41.651495)","1 Oaknoll Ct","Iowa City","Iowa",522465250,52246,522465250,NA,NA,NA
"176","Swales Assisted Living","No","S0303",17,"Clayton","Rozelle","Howard","(563) 933-6037","(563) 933-2204","office@splh.org","POINT (-91.534232 42.686832)","313 Elkader St.","Strawberry Point","Iowa",52076,52076,52076,NA,NA,NA
"177","Swan Place","No","S0349",83,"Carroll","Rebecca","Hannaway","(712) 792-6974","(712) 792-9811","rhannaway@enlivant.com; alclicense@enlivant.com","POINT (-94.851293 42.071993)","1024 E. 12th Street","Carroll","Iowa",51401,51401,51401,NA,NA,NA
"178","Summit House Assisted Living","No","S0336",90,"Hancock","Jody","Seelhammer","(641) 843-3333","(641) 843-3434","admin.summithouse@mediacombb.net","POINT (-93.807842 43.097821)","600 1st Street NW","Britt","Iowa",50423,50423,50423,NA,NA,NA
"179","Spring Creek Independent and Assisted Living","No","S0302",24,"Emmet","Mary","Tirevold","(712) 868-5567","(712) 868-5566","mtirevold@abcmcorp.com","POINT (-94.486296 43.396238)","110 2nd Avenue","Armstrong","Iowa",50514,50514,50514,NA,NA,NA
"180","Prairie Hills at Tipton","Yes","S0213",70,"Cedar","Jerri K","Ross","(563) 886-1584","(563) 886-9101","edtipton@symphonyseniorliving.com","POINT (-91.129209 41.762308)","219 South Cedar Street","Tipton","Iowa",527721764,52772,527721764,NA,NA,NA
"181","Journey Senior Living of Ankeny","Yes","S0359",170,"Polk","Julie","Kuchemann","(515) 850-1718","(515) 777-3055","julie@journeyseniorliving.com","POINT (-93.648877 41.735329)","3602 NW 5th Street","Ankeny","Iowa",50023,50023,50023,NA,NA,NA
"182","Homestead Assisted Living","No","S0045",70,"Cerro Gordo","Susan","Wiley","(641) 423-4809","(641) 423-0441","swiley@homesteadofmasoncity.com","POINT (-93.238497 43.152229)","2501 W. State Street","Mason City","Iowa",504018916,50401,504018916,NA,NA,NA
"183","Rose of Dubuque","No","S0331",140,"Dubuque","Carol","Sheets","(563) 556-1977","(563) 845-7200","roseofdbqadmin@rosecommunities-alf.com; Rosepersonnel@rosecommunities-alf.com; roseoperations@rosecommunities-alf.com","POINT (-90.720028 42.485609)","3390 Lake Ridge Drive","Dubuque","Iowa",52003,52003,52003,NA,NA,NA
"184","Cedar Vale","No","S0211",40,"Chickasaw","TONIA","OLSEN","(641) 435-4040","(641) 435-4988","tonia7585@Hotmail.com","POINT (-92.532224 42.956748)","100 Poppe Lane","Nashua","Iowa",506589704,50658,506589704,NA,NA,NA
"185","Windsor Manor Indianola","Yes","S0199",78,"Warren","Jenny","Knust","(515) 961-8900","(515) 961-8907","jenny.knust@windsor-manor.com","POINT (-93.539752 41.35373)","608 South 15th Street","Indianola","Iowa",501252981,50125,501252981,NA,NA,NA
"186","Northridge Village","No","S0353",68,"Story","Greg","Hanson","(515) 232-1000","(855) 745-4846","executivedirector@northridgevillage.com","POINT (-93.649356 42.046867)","3300 George Washington Carver Avenue","Ames","Iowa",50010,50010,50010,NA,NA,NA
"187","Cedars of Madrid Homes","Yes","S0176",94,"Boone","Deanna","Fisher","(515) 795-4097","(515) 795-4286","cedars@madridhome.com","POINT (-93.815675 41.881756)","600 North Kennedy Avenue","Madrid","Iowa",501567608,50156,501567608,NA,NA,NA
"188","Rose of Ames","No","S0209",112,"Story","Jami","Kaufman","(515) 268-8828","(515) 292-9696","roseofamesadmin@rosecommunities-alf.com; Rosepersonnel@rosecommunities-alf.com; roseoperations@rosecommunities-alf.com","POINT (-93.676328 42.011126)","1315 Coconino Road","Ames","Iowa",500148035,50014,500148035,NA,NA,NA
"189","Accura Healthcare of Pomeroy","No","S0161",18,"Calhoun","Kay","Jessen ","(712) 468-2241","(712) 468-2524","pomeroy@accura.healthcare","POINT (-94.681298 42.542299)","713 Scuyler Street","Pomeroy","Iowa",505751195,50575,505751195,NA,NA,NA
"190","Linnwood Estates","No","S0191",50,"Mills","Deborah","Clark","(712) 527-1035","(712) 527-2771","ghadministrator@qwestoffice.net","POINT (-95.739206 41.053428)","700 North Linn Street","Glenwood","Iowa",515341100,51534,515341100,NA,NA,NA
"191","QHC Villa Cottages","Yes","S0051",20,"Webster","MEGAN","KAHLER","(515) 576-7525","(515) 955-7528","mkahler@qhcmcares.com","POINT (-94.160825 42.513806)","925 Martin Luther King Dr","Ft Dodge","Iowa",50501,50501,50501,NA,NA,NA
"192","Windsor Manor Algona","Yes","S0335",70,"Kossuth","Terri","Tweedy","(515) 395-1512","(515) 395-1513","terri.tweedy@windsor-manor.com","POINT (-94.207385 43.072955)","512 N. Finn Drive","Algona","Iowa",50511,50511,50511,NA,NA,NA
"193","Senior Star at Elmore Place Assisted Living","No","S0295",270,"Scott","Amanda","Buchholz","(563) 359-0100","(563) 359-0444","abuchholz@seniorstar.com","POINT (-90.52465 41.566457)","4500 Elmore Avenue","Davenport","Iowa",528072597,52807,528072597,NA,NA,NA
"194","Vintage Park Apartments","No","S0179",70,"Taylor","Doug","Junker","(641) 333-2233","(641) 333-2237","manager@vintageparkapts.com","POINT (-94.548956 40.885181)","810 East Van Buren","Lenox","Iowa",508511622,50851,508511622,NA,NA,NA
"195","SunnyBrook of Fairfield","No","S0170",126,"Jefferson","Mickey","Thompson","(641) 469-5778","(641) 469-4529","Administrator@sunnybrookfairfield.com","POINT (-91.998325 41.002739)","3000 West Madison Avenue","Fairfield","Iowa",525564205,52556,525564205,NA,NA,NA
"196","Stoney Brook Village","No","S0238",72,"Fayette","Kathryn","Moser","(563) 422-7145","(563) 422-5714","kmoser@stoneybrookassistedliving.net","POINT (-91.804373 42.950572)","705 South Pine Street","West Union","Iowa",521751548,52175,521751548,NA,NA,NA
"197","Petersen Commons","No","S0214",102,"Scott","Kathleen","Patrick","(563) 323-3888","(563) 324-1373","executivedirector@petersencommons.com","POINT (-90.598819 41.531653)","1607 West 12th Str., Office #2205","Davenport","Iowa",528044086,52804,528044086,NA,NA,NA
"198","Pleasant View Assisted Living","No","S0149",26,"Monona","Kathryn","Keane","(712) 458-2417","(712) 458-2179","pvcc@longlines.com","POINT (-96.158048 42.12498)","200 Shannon Dr","Whiting","Iowa",510631021,51063,510631021,NA,NA,NA
"199","Village Terrace AL","No","S0174",20,"Van Buren","Julie","Ludwig","(319) 293-3171","(319) 293-6417","Julie.ludwig@vbch.org","POINT (-91.959044 40.735863)","302 Franklin","Keosauqua","Iowa",525651165,52565,525651165,NA,NA,NA
"200","Maple Memory Lane","Yes","S0350",14,"Fayette","Angelique","Vagts","(563) 425-3336","(563) 425-3512","angeliquemarievagts89@gmail.com","POINT (-91.80917 42.840683)","100 Bolger Drive","Fayette","Iowa",52142,52142,52142,NA,NA,NA
"201","Homestead of Albia","No","S0333",70,"Monroe","Kim","Wilson","(641) 932-2102","(641) 932-7997","k.wilson@homesteadofalbia.com","POINT (-92.789083 41.044981)","6592 165th Street","Albia","Iowa",52531,52531,52531,NA,NA,NA
"202","Courtyard Terrace","No","S0177",50,"Boone","Denise","Elsner","(515) 433-4406","(515) 433-4406","delsner@iowaoeshome.com","POINT (-93.902249 42.059352)","717 W 3rd St","Boone","Iowa",500368217,50036,500368217,NA,NA,NA
"203","CHAR-MAC AL OF HOLSTEIN/THE RIDGE","No","S0222",70,"Ida","JEANINE","CHARTIER","(712) 368-4893","(712) 368-4949","charmacj@wiatel.net","POINT (-95.543262 42.480801)","1500 SOUTH KIEL","HOLSTEIN","Iowa",510255081,51025,510255081,NA,NA,NA
"204","Country Meadow Place, LLC","Yes","S0004",49,"Cerro Gordo","Kimberly","Boyd","(641) 423-7722","(641) 421-8078","manager@countrymeadowplace.com","POINT (-93.286922 43.148208)","17396 Kingbird Ave","Mason City","Iowa",504019251,50401,504019251,NA,NA,NA
"205","Floyd Place","No","S0343",47,"Woodbury","Chelsea","Tebo","(712) 943-7025","(712) 943-7172","alclicense@enlivant.com","POINT (-96.36251 42.404115)","403 C Street","Sergeant Bluff","Iowa",51054,51054,51054,NA,NA,NA
"206","Bickford Cottage I Sioux City","No","S0006",44,"Woodbury","Jill","Colling","(712) 239-2065","(712) 239-3417","jill.colling@enrichinghappiness.com","POINT (-96.373648 42.538977)","4020 Indian Hills Dr","Sioux City","Iowa",511081418,51108,511081418,NA,NA,NA
"207","Reed House","No","S0013",40,"Crawford","Donna","Snyder","(712) 263-8657","(712) 263-2371","dsnyder@seniorlifestyle.com","POINT (-95.336003 42.020184)","2506 3rd Ave N","Denison","Iowa",514421730,51442,514421730,NA,NA,NA
"208","Elm Springs AL Apts","No","S0095",36,"Butler","Kathy ","Miller","(319) 267-2791","(319) 267-2422","kmiller@abcmcorp.com","POINT (-92.804378 42.756485)","900 Seventh Street West","Allison","Iowa",506029452,50602,506029452,NA,NA,NA
"209","Meadows (The)","No","S0069",74,"Delaware","Ashley","Pasker","(563) 927-6467","(319) 927-8436","apasker@goodneighborsociety.org","POINT (-91.439905 42.485824)","200 McCarren Dr","Manchester","Iowa",520570000,52057,520570000,NA,NA,NA
"210","Maple Ridge AL","No","S0136",24,"Ringgold","Kelsey","Allen","(641) 464-3204","(641) 464-3723","rmhinc@iowatelecom.net","POINT (-94.729267 40.996487)","1500 East South Street","Mt Ayr","Iowa",508542262,50854,508542262,NA,NA,NA
"211","Heritage Court","No","S0056",56,"Polk","Sally","Seeley","(515) 223-1224","(515) 223-8152","sallyseeley@fountainwest.net; patberry@fountainwest.net
","POINT (-93.723784 41.591215)","1499 Office Park Rd","W Des Moines","Iowa",502656500,50265,502656500,NA,NA,NA
"212","Summit Pointe Senior Living Community","Yes","S0248",202,"Linn","Christina","Bricker","(319) 373-4242","(319) 373-3013","cbricker@summitpointeseniorliving.com
","POINT (-91.573443 42.052894)","3505 English Glen Avenue","Marion","Iowa",523024711,52302,523024711,NA,NA,NA
"213","Heritage House","No","S0055",108,"Cass","Karen","Bentsen","(712) 243-1850","(712) 243-3418","kbentsen@wesleylife.org","POINT (-94.999992 41.398786)","1200 Brookridge Cir","Atlantic","Iowa",500222304,50022,500222304,NA,NA,NA
"214","Reflections Assisted Living","Yes","S0168",18,"Washington","Ryan","Larmore","(319) 646-5812","(319) 646-2443","rlarmore@mgmhealthcare.com","POINT (-91.834473 41.474581)","512 13th Street","Wellman","Iowa",523569327,52356,523569327,NA,NA,NA
"215","Calvin Community AL Services","Yes","S0057",183,"Polk","Susan","O'Connell","(515) 277-6141","(515) 271-0933","soconnell@CalvinCommunity.org","POINT (-93.675354 41.614915)","4210 Hickman Rd","Des Moines","Iowa",503103333,50310,503103333,NA,NA,NA
"216","Rose of Waterloo","No","S0266",128,"Blackhawk","Gladys","Rainey","(319) 232-6061","(319) 232-6571","roseofwatadmin@rosecommunities-alf.com; Rosepersonnel@rosecommunities-alf.com; roseoperations@rosecommunities-alf.com","POINT (-92.341108 42.505068)","421 Oak Avenue","Waterloo","Iowa",507033401,50703,507033401,NA,NA,NA
"217","Arlington Place of Grundy Center","No","S0112",80,"Grundy","Kaylene","Hoskins","(319) 824-5674","(319) 824-5676","managergc@arlingtonplaceretirement.com","POINT (-92.763099 42.364378)","95 D Avenue","Grundy Center","Iowa",506381950,50638,506381950,NA,NA,NA
"218","Spring Valley Senior AL","Yes","S0129",77,"Dallas","Quinn","Adair","(515) 465-7501","(515) 465-7509","quinn.adair@perrylutheranhome.org","POINT (-94.091396 41.833123)","501 12th Street","Perry","Iowa",502201913,50220,502201913,NA,NA,NA
"219","Oaks at Parkview Care Center","No","S0276",32,"Jefferson","Sarah","Flattery","(641) 472-5022","(641) 472-6483","osby@iowatelecom.net; theoaks@theoaksfairfieldiowa.com; sarah@osbycorp.com","POINT (-91.905066 41.002803)","2235 Hwy 34","Fairfield","Iowa",52556,52556,52556,NA,NA,NA
"220","Emerald Oaks","No","S0169",42,"Palo Alto","Tammy","Shimon","(712) 852-4266","(712) 852-4662","tshimon@abcmcorp.com","POINT (-94.683929 43.104758)","2603 17th Street","Emmetsburg","Iowa",505362032,50536,505362032,NA,NA,NA
"221","Prairie Hills at Ottumwa","Yes","S0259",100,"Wapello","Doug","Techel","(641) 684-1871","(641) 684-5827","administrator@prairiehillsottumwa.com","POINT (-92.405879 41.05999)","173 East Rochester Street","Ottumwa","Iowa",525011125,52501,525011125,NA,NA,NA
"222","Bickford Cottage II Sioux City","Yes","S0063",41,"Woodbury","Jill","Colling","(712) 239-6851","(712) 239-0848","jill.colling@enrichinghappiness.com","POINT (-96.374313 42.539407)","4022 Indian Hills Dr","Sioux City","Iowa",511081418,51108,511081418,NA,NA,NA
"223","Windsor Manor Webster City","Yes","S0272",82,"Hamilton","Jodi","Berns-Lennon","(515) 832-1188","(319) 363-6145","Jodi.berns-lennon@windsor-manor.com","POINT (-93.839182 42.456349)","1401 Wall Street","Webster City","Iowa",505952758,50595,505952758,NA,NA,NA
"224","Sunrise Villa","No","S0030",36,"Jackson","James","Harkness","(563) 872-5521","(563) 872-5609","antler146@gmail.com","POINT (-90.438072 42.258626)","308 North 12th Street","Bellevue","Iowa",520311944,52031,520311944,NA,NA,NA
"225","Rowley Masonic AL Community","Yes","S0346",32,"Dallas","CINDY","FRIESE","(515) 465-5316","(515) 465-4869","cindy@rowleymasoniccommunity.org; 
trish@rowleymasoniccommunity.org","POINT (-93.742163 41.591434)","1300 28th Street; PO Box 578","Perry","Iowa",50220,50220,50220,NA,NA,NA
"226","Kensington, The","Yes","S0092",134,"Lee","Rachel","Benda","(319) 372-4233","(319) 372-7940","rbenda@kensington-evergreen.com","POINT (-91.337247 40.630286)","2210 Ave H","Fort Madison","Iowa",526274000,52627,526274000,NA,NA,NA
"227","Bickford Cottage WDM","Yes","S0043",66,"Polk","Heidi ","Fristo","(515) 327-9400","(515) 223-0151","heidi.fristo@enrichinghappiness.com","POINT (-93.772549 41.563933)","5050 Hawthorne Dr","West Des Moines","Iowa",502655353,50265,502655353,NA,NA,NA
"228","Silvercrest at Woodlands Creek","Yes","S0164",136,"Polk","Greg","Ernst","(515) 223-9755","(515) 223-9875","greg.ernst@woodlandscreek.com","POINT (-93.79044 41.609453)","12605 Woodlands Parkway","Clive","Iowa",503258701,50325,503258701,NA,NA,NA
"229","Eagle Ridge Independent and Assisted Living","No","S0354",36,"Clayton","Janette","Simon","(563) 252-2288","(563) 252-2287","jsimon@abcmcorp.com","POINT (-91.106013 42.77894)","1329 Acre Street","Guttenberg","Iowa",52052,52052,52052,NA,NA,NA
"230","Leland Smith Assisted Living","No","S0187",48,"Muscatine","Shelley","Wicks","(563) 732-2086","(563) 732-2465","swicks@simpsonhome.org","POINT (-91.013975 41.596091)","309 Ovesen Drive","Wilton","Iowa",527789605,52778,527789605,NA,NA,NA
"231","Bickford Cottage Davenport","Yes","S0054",51,"Scott","Laura","Entsminger","(563) 322-0000","(563) 441-0758","laura.entsminger@enrichinghappiness.com","POINT (-90.515194 41.577744)","4040 E 55th St","Davenport","Iowa",528072905,52807,528072905,NA,NA,NA
"232","Prime Assisted Living","No","S0245",120,"Woodbury","Jean","Parrish","(712) 226-6300","(712) 226-6361","primelivingjp@frontiernet.net","POINT (-96.407918 42.497966)","725 Pearl Street","Sioux City","Iowa",511011014,51101,511011014,NA,NA,NA
"233","MJ Estates","No","S0364",32,"Audubon","Steve","Fister","(712) 268-5393","(712) 268-2614","sfister@exiracare.net","POINT (-94.877583 41.585896)","411 S. Carthage Street","Exira","Iowa",50076,50076,50076,NA,NA,NA
"234","Oneota Village","No","S0206",32,"Winneshiek","Lou Ann","Wikan","(563) 382-1869","(563) 382-1866","lwikan@abcmcorp.com","POINT (-91.802838 43.303134)","5 Ohio Street","Decorah","Iowa",521011563,52101,521011563,NA,NA,NA
"235","Primrose Retirement Community","No","S0273",64,"Pottawattamie","Paul","Larsen","(712) 352-1111","(712) 352-0145","plarsen@primroseretirement.com","POINT (-95.823504 41.275527)","1801 East Kanesville Blvd.","Council Bluffs","Iowa",51503,51503,51503,NA,NA,NA
"236","Lakeview Village","No","S0103",56,"Iowa","Kelsie","Ballard","(319) 622-6500","(319) 622-6046","kelsieb@southslope.net","POINT (-91.894523 41.801137)","3012 F Drive","Amana","Iowa",522038224,52203,522038224,NA,NA,NA
"237","Summit Heights","No","S0060",16,"Floyd","William ","Byerly","(641) 749-2411","(641) 749-5874","bbyerly@abcmcorp.com","POINT (-93.016487 43.142452)","8 S Summit Ave","Nora Springs","Iowa",504588638,50458,504588638,NA,NA,NA
"238","Bryhl Assisted Living","No","S0251",84,"Blackhawk","Paula","Padavich","(319) 268-0401","(319) 268-0040","ppadavich@newaldaya.org","POINT (-92.447659 42.513032)","7511 University Avenue","Cedar Falls","Iowa",506135027,50613,506135027,NA,NA,NA
"239","Bickford Cottage Iowa City","Yes","S0023",65,"Johnson","Seth","Ickowitz","(319) 351-3200","(319) 351-6861","seth.ickowitz@enrichinghappiness.com","POINT (-91.482557 41.664646)","3500 Lower W Branch Rd","Iowa City","Iowa",522454106,52245,522454106,NA,NA,NA
"240","Oakwood Place AL","Yes","S0139",120,"Scott","Mary Kathleen","Harris","(563) 391-3430","(563) 823-3672","kharris@ridgecrestvillage.org","POINT (-90.580675 41.562775)","4126 Northwest Blvd.","Davenport","Iowa",528064264,52806,528064264,NA,NA,NA
"241","Arbor Place","Yes","S0065",64,"Linn","Susan","Schmitt","(319) 365-9171","(319) 363-3198","sschmitt@methwick.org","POINT (-91.688877 41.983793)","1140 K Avenue NW","Cedar Rapids","Iowa",524052430,52405,524052430,NA,NA,NA
"242","Fountain View Assisted Living","Yes","S0172",92,"Woodbury","Hallie","Salmen","(712) 276-3821","(712) 202-0410","salmenh@sunriseretirement.com; chriss@sunriseretirement.com","POINT (-96.332579 42.475702)","5501 Gordon Drive East","Sioux City","Iowa",511062008,51106,511062008,NA,NA,NA
"243","Ruthven Community Care Center","No","S0147",30,"Palo Alto","Laura","Westergard","(712) 837-5411","(712) 837-5550","don-rccc@ruthvenccc.com","POINT (-94.888296 43.126999)","2701 Mitchell Street","Ruthven","Iowa",513587741,51358,513587741,NA,NA,NA
"244","Shores at Pleasant Hill","Yes","S0239",220,"Polk","Seth","Reeves","(515) 262-4444","(515) 262-3840","admin@theshoreslife.com","POINT (-93.524918 41.603947)","1500 Edgewater Drive","Pleasant Hill","Iowa",503270921,50327,503270921,NA,NA,NA
"245","SunnyBrook of Carroll","Yes","S0285",70,"Carroll","Tina","Patterson","(712) 792-8995","(712) 792-8161","edcarroll@symphonyseniorliving.com","POINT (-94.849439 42.078619)","1214 East 18th Street","Carroll","Iowa",51401,51401,51401,NA,NA,NA
"246","Keystone Senior Suites","No","S0018",24,"Benton","Tracy","Hanson","(319) 442-3234","(319) 442-3550","thanson@netins.net","POINT (-92.198251 42.004364)","251 6th St","Keystone","Iowa",522499538,52249,522499538,NA,NA,NA
"247","Meadows Assisted Living","No","S0084",60,"Butler","Andrea","Nieman","(319) 885-4341","(319) 885-6595","andrea.nieman@twsl.com","POINT (-92.571864 42.713809)","528 N Kelly St","Shell Rock","Iowa",506701006,50670,506701006,NA,NA,NA
"248","Avoca Lodge AL","No","S0138",40,"Pottawattamie","Daniele","Thraen","(712) 343-2400","(712) 343-2501","dthraen@careinitiatives.org; rmccoy@careinitiatives.org","POINT (-95.334513 41.502035)","612 East York Road","Avoca","Iowa",515214504,51521,515214504,NA,NA,NA
"249","Martina Place","No","S0002",120,"Polk","Brenda","Ballard","(515) 251-7999","(515) 331-8860","Brenda.ballard@chilivingcomm.org","POINT (-93.698317 41.668337)","5815 Winwood Dr","Johnston","Iowa",501311666,50131,501311666,NA,NA,NA
"250","River Bend Retirement Community","No","S0237",62,"Dubuque","Karen","Holmes","(563) 852-5001","(563) 852-5154","rbmanager@netins.net ","POINT (-91.014109 42.308258)","813 Tyler Street NE","Cascade","Iowa",52033,52033,52033,NA,NA,NA
"251","RidgeView Assisted Living","No","S0205",88,"Linn","Keri","Boffeli","(319) 362-1050","(319) 396-4642","cdirector@viewsseniorliving.com; kboffeli@viewsseniorliving.com","POINT (-91.711289 41.979971)","2975 F Avenue NW","Cedar Rapids","Iowa",524052949,52405,524052949,NA,NA,NA
"252","Waterford at Ames Assisted Living","No","S0041",122,"Story","Vonnie","Potter","(515) 292-2858","(515) 296-2134","vpotter@capitalseniorliving.net","POINT (-93.676313 42.010479)","1325 Coconino Rd, Ste 300","Ames","Iowa",500147842,50014,500147842,NA,NA,NA
"253","Prairie Hills at Clinton","Yes","S0243",100,"Clinton","Heather","Christiansen","(563) 243-6870","(563) 242-0404","edclinton@symphonyseniorliving.com","POINT (-90.2272 41.859278)","1701 13th Avenue North","Clinton","Iowa",527323300,52732,527323300,NA,NA,NA
"254","Lincolnway Villa AL","No","S0171",28,"Clinton","Michael","Weih","(563) 374-1295","(563) 374-1107","wmanor@fbcom.net","POINT (-90.835162 41.833459)","320 East Lincolnway","Wheatland","Iowa",527779731,52777,527779731,NA,NA,NA
"255","Bickford Cottage Urbandale","Yes","S0042",98,"Polk","Angela","Harris","(515) 331-3000","(515) 270-1781","angela.harris@enrichinghappiness.com","POINT (-93.701715 41.648349)","5915 Sutton Place","Urbandale","Iowa",503221877,50322,503221877,NA,NA,NA
"256","Kingston Court","No","S0152",42,"Clayton","Kristin","Dunlap","(563) 245-1620","(563) 245-2198","kdunlap@elkadercarecenter.com ","POINT (-91.404555 42.847898)","118 Reimer Street SW","Elkader","Iowa",520439558,52043,520439558,NA,NA,NA
"257","MeadowView Memory Care Village","Yes","S0228",68,"Linn","Kelly","Scanlon","(319) 294-9669","(319) 390-8080","cdirector@viewsseniorliving.com","POINT (-91.711892 41.980001)","3005 F Avenue NW","Cedar Rapids","Iowa",524052944,52405,524052944,NA,NA,NA
"258","Community Memorial AL","No","S0150",32,"O'Brien","Jeannine ","Bunge","(712) 728-2524","(712) 728-2429","cmhc@tcaexpress.net; cmal@tcaexpress.net","POINT (-95.48685 43.184201)","233 North 8th Avenue West","Hartley","Iowa",513461077,51346,513461077,NA,NA,NA
"259","Springvale Assisted Living","No","S0203",32,"Humboldt","Terry","Raymond","(515) 332-7660","(515) 332-7646","terryr@humboldthospital.org","POINT (-94.230241 42.732431)","1050 15th Street North","Humboldt","Iowa",505481076,50548,505481076,NA,NA,NA
"260","Mill Pond AL","No","S0027",98,"Polk","Allison","Bass","(515) 964-2273","(515) 965-3100","abass@preshomes.org","POINT (-93.579434 41.724561)","1201 SE Mill Pond Ct","Ankeny","Iowa",500216534,50021,500216534,NA,NA,NA
"261","Gardens Assisted Living","No","S0269",68,"Greene","Matt","Gordon","(515) 386-2555","(515) 386-3179","manager@gardenslifestyle.com","POINT (-94.384951 42.017238)","1000 West Washington","Jefferson","Iowa",501294701,50129,501294701,NA,NA,NA
"262","Custom Care","No","S0108",48,"Linn","Katie","Christensen","(319) 365-9171","(319) 363-5312","kchristensen@methwick.org","POINT (-91.689553 41.98466)","1224 13th St NW","Cedar Rapids","Iowa",524052404,52405,524052404,NA,NA,NA
"263","Prairie Creek Assisted Living","No","S0173",32,"Palo Alto","Pat ","Zaugg","(515) 887-4071","(515) 887-3973","pzaugg@ensigngroup.net","POINT (-94.448633 42.965927)","301 4th Street NW","West Bend","Iowa",505975113,50597,505975113,NA,NA,NA
"264","Cottage Grove Place","Yes","S0035",38,"Linn","Jill","East","(319) 297-5600","(319) 297-5555","jeast@cottagegroveplace.com","POINT (-91.634925 42.009142)","2115 1st Ave SE","Cedar Rapids","Iowa",524026358,52402,524026358,NA,NA,NA
"265","SOUTHCREST MANOR II","No","S0221",32,"Allamakee","Nona","Sawyer","(563) 568-0043","(563) 568-0043","allhousing@mchsi.com","POINT (-91.478759 43.263179)","602 2nd St SW","WAUKON","Iowa",521722242,52172,521722242,NA,NA,NA
"266","Vista Prairie at Keelson Harbour","Yes","S0258",174,"Dickinson","Jessie","Warburton","(712) 336-4501","(712) 336-4502","jessiewarburton@vistaprairie.org","POINT (-95.125031 43.413716)","2810 Aurora Avenue","Spirit Lake","Iowa",513607055,51360,513607055,NA,NA,NA
"267","Solon Assisted Living Village","No","S0306",36,"Johnson","Christine","Cross","(319) 624-5353","(319) 624-5363","manager@solonretirementvillage.com","POINT (-91.488903 41.802092)","623 E. 5th Street","Solon","Iowa",52333,52333,52333,NA,NA,NA
"268","New Homestead","No","S0087",28,"Guthrie","Lanny","Ward","(641) 332-2204","(641) 332-2982","lanny.ward@thenewhomestead.org","POINT (-94.423501 41.680636)","2306 State St","Guthrie Center","Iowa",501158896,50115,501158896,NA,NA,NA
"269","Welcov Assisted Living at Alta","No","S0096",57,"Buena Vista","Rebecca","Wolf","(712) 200-2620","(712) 200-1174","Rebecca.wolf@welcov.com","POINT (-95.310576 42.668495)","705 W 7th St","Alta","Iowa",510021525,51002,510021525,NA,NA,NA
"270","Thornton Heights Assisted Living","No","S0183",26,"Allamakee","Sam","Kuhn","(563) 538-4335","(563) 538-4460","samkuhn@rconnect.com; juliefossum@rconnect.com","POINT (-91.233857 43.361244)","1329 Main St","Lansing","Iowa",521519615,52151,521519615,NA,NA,NA
"271","Wesley Acres Central AL","No","S0075",118,"Polk","Brandon","Kranovich","(515) 271-6500","(515) 271-6522","bkranovich@wesleylife.org","POINT (-93.664267 41.58448)","3520 Grand Ave","Des Moines","Iowa",503124359,50312,503124359,NA,NA,NA
"272","Kosgrove Estates","No","S0115",20,"Sioux","Margriet ","Olson","(712) 722-4972","(712) 722-3294","kosgroveNo@gmail.com","POINT (-96.175226 43.047249)","4155 US 75","Sioux Ctr","Iowa",512507522,51250,512507522,NA,NA,NA
"273","Bickford Cottage Ames","No","S0024",63,"Story","Ashley","Terrell","(515) 233-6000","(515) 268-9817","Ashley.terrell@enrichinghappiness.com","POINT (-93.639772 42.046088)","2418 Kent Ave","Ames","Iowa",500107119,50010,500107119,NA,NA,NA
"274","Emerson Point","No","S0181",108,"Johnson","Victoria","Huffman","(319) 466-0200","(319) 466-9370","Victoria@burnshousing.com","POINT (-91.580712 41.646871)","1355 Shannon Drive","Iowa City","Iowa",522464192,52246,522464192,NA,NA,NA
"275","Davenport Lutheran AL","No","S0033",34,"Scott","Susan ","Payne","(563) 386-6933","(563) 386-1056","s.payne@lhaa-e.org","POINT (-90.58865 41.574526)","1128 W 53rd St","Davenport","Iowa",528062435,52806,528062435,NA,NA,NA
"276","Estabrook Lodge Assisted Living","No","S0154",8,"Hardin","Susan","Eichmeier","(641) 939-3491","(641) 939-2583","seichmeier@careinitiatives.org ","POINT (-93.111103 42.357049)","2302 Rick Collins Way","Eldora","Iowa",506278357,50627,506278357,NA,NA,NA
"277","Courtyard Estates at Cedar Pointe","Yes","S0220",60,"Polk","Chelsey","Stalker","(515) 285-9108","(515) 266-4344","manager@courtyard-estates.net","POINT (-93.490349 41.600628)","6132 NE 12TH AVENUE","Pleasant Hill","Iowa",503278911,50327,503278911,NA,NA,NA
"278","Silvercrest Garner Farms","Yes","S0066",138,"Scott","Leah","Luna","(563) 386-9196","(563) 445-7397","leah.luna@garnerfarms.com","POINT (-90.596649 41.57443)","1575 W 53rd","Davenport","Iowa",528062448,52806,528062448,NA,NA,NA
"279","Meadows Assisted Living","No","S0225",42,"Wright","Carla","Kem","(515) 532-2035","(515) 532-9304","carla.kem@iaspecialty.com","POINT (-93.732633 42.721797)","1302 South Main Street","Clarion","Iowa",505252091,50525,505252091,NA,NA,NA
"280","Clarence Assisted Living","No","S0329",36,"Cedar","Rebekah","Tjaden","(563) 452-3266","(563) 452-3268","rebekah@clarenceseniorliving.com","POINT (-91.062804 41.885543)","408 2nd Avenue","Clarence","Iowa",52216,52216,52216,NA,NA,NA
"281","Huskamp Haven","No","S0242",32,"Kossuth","Sandy","Buscher","(515) 395-3300","(515) 395-3301","sbuscher@good-sam.com","POINT (-94.24175 43.063954)","300 Riverview Drive","Algona","Iowa",505113241,50511,505113241,NA,NA,NA
"282","Rock Ridge Assisted Living","No","S0235",24,"Benton","Jodie","Bevans","(319) 436-5570","(319) 436-5571","rockridgecarecenter@aol.com","POINT (-91.873459 42.098709)","400 Canton Street NW","Shellsburg","Iowa",523329645,52332,523329645,NA,NA,NA
"283","Risen Son Christian Village","Yes","S0200",26,"Pottawattamie","Greg ","Witte","(712) 366-9655","(712) 366-4748","gwitte@chliving.org","POINT (-95.801369 41.231455)","3000 Risen Son Boulevard","Council Bluffs","Iowa",515031191,51503,515031191,NA,NA,NA
"284","Heartwood Heights","No","S0101",44,"Osceola","Theresa ","Riley","(712) 754-3009","(712) 754-3782","hheights@premieronline.net","POINT (-95.741722 43.408411)","409 9th Ave North","Sibley","Iowa",512490000,51249,512490000,NA,NA,NA
"285","Cornerstone AL","No","S0120",90,"Cerro Gordo","Jean ","Palmer","(641) 424-1740","(641) 423-1751","vangrouwj@usa.net","POINT (-93.195774 43.153646)","302 2nd Street NE","Mason City","Iowa",504013412,50401,504013412,NA,NA,NA
"286","Promise House","Yes","S0090",20,"Linn","Kent ","Walton","(319) 743-9812","(319) 743-9815","kwalton@hiawathacarecenter.com","POINT (-91.690934 42.042117)","1320 Litchfield Dr","Hiawatha","Iowa",522332343,52233,522332343,NA,NA,NA
"287","Prairie View Inn","No","S0039",26,"O'Brien","Wendy","Nelson","(712) 930-3228","(712) 729-5152","WNelson@tcaexpress.net","POINT (-95.64402 43.175391)","610 N. Eastern Street","Sanborn","Iowa",512481089,51248,512481089,NA,NA,NA
"288","Edencrest at Green Meadows","Yes","S0355",128,"Polk","Pamela","Smith","(515) 207-1984","(515) 777-2380","greenmeadowsmanager@edencrestliving.com","POINT (-93.710528 41.667323)","6750 Corporate Drive","Johnston","Iowa",50131,50131,50131,NA,NA,NA
"289","Holy Spirit","Yes","S0038",45,"Woodbury","Patrick ","Tomscha","(712) 252-2726","(712) 293-1953","patt@holyspiritretirementhome.com","POINT (-96.430456 42.515761)","1701 W 25th St","Sioux City","Iowa",511031705,51103,511031705,NA,NA,NA
"290","Tower Living Center","No","S0247",7,"Clayton","Mary","Eulberg","(563) 964-9090","","eulberg@mchsi.com","POINT (-91.235214 42.868805)","103 Centre Street, Box 477","Garnavillo","Iowa",52049,52049,52049,NA,NA,NA
"291","Kensington Place","No","S0202",68,"Chickasaw","Kaitlain","Kroeze","(641) 394-4153","(641) 394-3708","kensingtonplaceassistedliving1@gmail.com","POINT (-92.305272 43.054657)","504 Short Avenue","New Hampton","Iowa",506591867,50659,506591867,NA,NA,NA
"292","Friesland AL and Zeeland Memory Support","Yes","S0337",72,"Marion","Nancy","Hamilton","(641) 629-0730","(641) 628-9887","nhamilton@wesleylife.org","POINT (-92.916639 41.426863)","1742 Main Street","Pella","Iowa",50219,50219,50219,NA,NA,NA
"293","River Living Center","No","S0279",11,"Clayton","Mary","Eulberg","(563) 252-3070","","eulberg@mchsi.com","POINT (-91.100512 42.777438)","831 South Hwy 52","Guttenberg","Iowa",52052,52052,52052,NA,NA,NA
"294","Valley View Manor AL","No","S0121",28,"Muscatine","Jeane","Arnette","(563) 263-1241","(319) 263-4180","jarnette@lutheran-homes.org","POINT (-91.096971 41.417158)","2421 Lutheran Dr","Muscatine","Iowa",527619382,52761,527619382,NA,NA,NA
"295","Highland Ridge","No","S0196",94,"Iowa","Krista","Humphrey","(319) 668-3800","(319) 668-3801","khumphrey@preshomes.org","POINT (-92.001637 41.671254)","100 Village View Circle","WILLIAMSBURG","Iowa",523619684,52361,523619684,NA,NA,NA
"296","Legacy Pointe","Yes","S0116",136,"Johnson","Kaylan","Hamerlinck","(319) 341-0911","(319) 341-4324","kaylan.hamerlinck@legacypointeiowa.com","POINT (-91.482908 41.649122)","1020 S. Scott Blvd.","Iowa City","Iowa",522405832,52240,522405832,NA,NA,NA
"297","Brown Deer Place","No","S0111",44,"Johnson","Jodie","Conrad","(319) 337-6320","(319) 341-7997","manager@browndeerplace.com","POINT (-91.566556 41.693186)","1500 1st Ave N","Coralville","Iowa",522411192,52241,522411192,NA,NA,NA
"298","Homestead of Knoxville","No","S0132",122,"Marion","Kristi","Zellmer","(641) 828-7878","(641) 828-2184","kzellmer@homesteadofknoxville.com","POINT (-93.114353 41.311118)","908 South Park Lane","Knoxville","Iowa",501383176,50138,501383176,NA,NA,NA
"299","Adel Assisted Living Apartments","No","S0219",28,"Dallas","Linda","Crawford","(515) 993-5176","(515) 993-5177","lcrawford@wesleyservices.org","POINT (-94.037349 41.610746)","504 VAN FOSSEN","ADEL","Iowa",500031689,50003,500031689,NA,NA,NA
"300","Maple Grove Senior Living","No","S0148",30,"Appanoose","Laurie","Buckhahn","(641) 856-6601","(641) 437-4090","admin@goldenagecarecenter.com; mg@goldenagecarecenter.com","POINT (-92.867877 40.715239)","1917 South 18TH Street","Centerville","Iowa",525443136,52544,525443136,NA,NA,NA
"301","Accura Healthcare of Cherokee","No","S0158",24,"Cherokee","Shella","Bahrke","(712) 225-5724","(712) 225-3917","Cherokee@accura.healthcare","POINT (-95.534771 42.758673)","921 Riverview Drive","Cherokee","Iowa",510121578,51012,510121578,NA,NA,NA
"302","Greenfield Manor AL","No","S0050",40,"Adair","Nancy","Farley","(641) 743-6131","(641) 343-7090","greenfield@tutera.com","POINT (-94.450993 41.302887)","615 SE Kent","Greenfield","Iowa",508499454,50849,508499454,NA,NA,NA
"303","Carlisle Center for AL","No","S0309",44,"Warren","Kathy","Beal","(515) 989-0871","(515) 989-7023","Carlisle_Assisted_Living@pacificahealth.com","POINT (-93.49361 41.495603)","685 Cole Street","Carlisle","Iowa",50047,50047,50047,NA,NA,NA
"304","Glenwood Place","Yes","S0086",102,"Marshall","Pamela","Wells","(641) 752-8410","(641) 752-8515","manager@glenwoodplaceal.net","POINT (-92.922123 42.010912)","2907 S 6th St","Marshalltown","Iowa",501584687,50158,501584687,NA,NA,NA
"305","Windhaven Assisted Living Center","Yes","S0244",198,"Blackhawk","Sharon","Lukes","(319) 266-5764","(319) 266-2052","Sharon.lukes@westernhome.org","POINT (-92.445909 42.488438)","5500 South Main Street","Cedar Falls","Iowa",506137437,50613,506137437,NA,NA,NA
"306","Silveridge, An Eventide Community, LLC","No","S0315",72,"Crawford","Kara","Webb","(712) 263-2639","(712) 263-8819","kwebb@eventidehome.com","POINT (-95.343941 42.014192)","222 South 20th Street","Denison","Iowa",51442,51442,51442,NA,NA,NA
"307","Dunlap Assisted Living","No","S0249",12,"Harrison","Kerri","Klaahsen","(712) 643-2121","(712) 643-5502","kklaahsen@careinitiatives.org","POINT (-95.59004 41.848879)","1405 Harrison Road","Dunlap","Iowa",515291565,51529,515291565,NA,NA,NA
"308","Indian Creek Independent & Assisted Living Apts.","No","S0324",36,"Story","Heidi","Baker","(515) 382-6556","(515) 382-1425","hbaker@abcmcorp.com","POINT (-93.452372 42.011717)","100 6th Street","Nevada","Iowa",50201,50201,50201,NA,NA,NA
"309","Panora AL","No","S0255",13,"Guthrie","Jana","Cates","(641) 755-2700","(641) 755-3547","jcates@careinitiatives.org; rmccoy@careinitiatives.org","POINT (-94.352969 41.691851)","807 East Main Street","Panora","Iowa",502161017,50216,502161017,NA,NA,NA
"310","Pennsylvania Place AL","Yes","S0022",134,"Wapello","Randy","Sparks","(641) 684-4000","(641) 684-4079","rsparks@pennplace.com; arainbolt@pennplace.com; joanie@pennplace.com","POINT (-92.384843 41.027519)","2 Pennsylvania Place","Ottumwa","Iowa",525012188,52501,525012188,NA,NA,NA
"311","Courtyard Estates of Walcott","No","S0263",60,"Scott","Laura ","Spengler","(563) 284-4211","(563) 284-4249","lspengler@petersenhealthcare.net
","POINT (-90.774596 41.590353)","510 North Main Street","Walcott","Iowa",527737827,52773,527737827,NA,NA,NA
"312","Apple Valley Assisted Living Charles City","No","S0083",42,"Floyd","Terri","Cosselman","(641) 257-3003","(641) 257-3038","aval@cltel.net","POINT (-92.675753 43.068108)","801 Blunt Pkwy #39","Charles City","Iowa",506162207,50616,506162207,NA,NA,NA
"313","Cobble Creek AL of Sheldon","No","S0106",12,"O'Brien","Aimee","Meyer","(712) 324-7404","(712) 324-7405","aimeelynn_25@yahoo.com","POINT (-95.843702 43.187735)","980 Oak Street","Sheldon","Iowa",512011221,51201,512011221,NA,NA,NA
"314","Village Assisted Living","No","S0308",108,"Polk","Shelly","Charter","(515) 265-2571","(515) 265-3044","scharter@elimcare.org","POINT (-93.568546 41.614987)","2555 Guthrie Avenue","Des Moines","Iowa",503173096,50317,503173096,NA,NA,NA
"315","Deer View Manor","No","S0325",50,"Keokuk","Sandra","Ahn","(641) 622-2142","(641) 622-9910","sahn@abcmcorp.com","POINT (-92.206377 41.323384)","1212 South Stuart Street","Sigourney","Iowa",52591,52591,52591,NA,NA,NA
"316","Mulberry Place","No","S0123",28,"Davis","Patricia","Quail","(641) 664-2523","(641) 664-2929","pquail@abcmcorp.com","POINT (-92.415645 40.761279)","11 Deborah Drive","Bloomfield","Iowa",525371174,52537,525371174,NA,NA,NA
"317","Park Place Independent & Assisted Living","No","S0281",20,"Sac","Melissa","Thomsen","(712) 662-6260","(712) 662-3393","mthomsen@abcmcorp.com","POINT (-94.975314 42.420485)","551 Park Avenue","Sac City","Iowa",50583,50583,50583,NA,NA,NA
"318","Linden Place AL","No","S0088",60,"Bremer","Heather","Johnson","(319) 352-8851","(319) 352-8852","hjohnson@bartelscommunity.org","POINT (-92.492524 42.730106)","1802 5th Ave NW","Waverly","Iowa",506771903,50677,506771903,NA,NA,NA
"319","Garden View Senior Community","Yes","S0215",56,"Clayton","Randee","Koenig","(563) 539-4528","(563) 539-4895","gardenview@neitel.net","POINT (-91.401524 43.049368)","800 Darby Drive","Monona","Iowa",521598157,52159,521598157,NA,NA,NA
"320","Heritage at Northern Hills","Yes","S0058",128,"Woodbury","Christy","Nikkel","(712) 239-9402","(712) 239-9406","cnikkel@heritage-communities.com","POINT (-96.387554 42.538479)","4002 Teton Trace","Sioux City","Iowa",511044387,51104,511044387,NA,NA,NA
"321","Lindens","No","S0327",32,"Story","Kat","Kilbane","(515) 296-5000","(515) 296-5008","katk@greenhillsrc.com","POINT (-93.646045 42.001459)","2355 Hamilton Circle","Ames","Iowa",50014,50014,50014,NA,NA,NA
"322","Allen Place","No","S0347",78,"Cass","Wendy","Richter","(712) 243-3820","(712) 273-6707","alclicense@enlivant.com; wrichter@enlivant.com","POINT (-94.992896 41.391526)","1406 East 19th Street","Atlantic","Iowa",50022,50022,50022,NA,NA,NA
"323","Legacy Gardens","Yes","S0163",40,"Johnson","Kaylan","Hamerlinck","(319) 341-0911","(319) 341-4324","kaylan.hamerlinck@legacypointeiowa.com","POINT (-91.482642 41.648613)","15 Silvercrest Place","Iowa City","Iowa",522400000,52240,522400000,NA,NA,NA
"324","John's Harbor Memory Loss Center","Yes","S0117",19,"Polk","Leah","Diehl","(515) 271-6504","(515) 271-6604","ldiehl@wesleylife.org","POINT (-93.664267 41.58448)","3520 Grand Ave.","Des Moines","Iowa",503124359,50312,503124359,NA,NA,NA
"325","Arlington Place of Red Oak","Yes","S0137",64,"Montgomery","Di","Smith","(712) 623-1999","(712) 623-2007","managerrd@arlingtonplaceretirement.com","POINT (-95.222289 41.030691)","800 East Ratliff Road","Red Oak","Iowa",515665102,51566,515665102,NA,NA,NA
"326","Windsor Manor Nevada","Yes","S0319",70,"Story","Alison","Kapustka","(515) 382-2980","","alison.kapustka@windsor-manor.com
","POINT (-93.439107 42.005596)","1642 South G Avenue","Nevada","Iowa",50201,50201,50201,NA,NA,NA
"327","Dutchman's Oaks Assisted LIving","No","S0178",12,"Butler","Mari","Banse","(641) 857-3401","(641) 857-3615","mbanse@abcmcorp.com","POINT (-92.976805 42.751079)","921 3rd St. P.O. Box 347","Dumont","Iowa",506251034,50625,506251034,NA,NA,NA
"328","Murphy Place Assisted Living","No","S0190",20,"Wayne","Gina","Rose","(641) 872-3993","(641) 872-3116","ginamcgrann@gmail.com","POINT (-93.310695 40.754948)","620 East Monroe","Corydon","Iowa",500601620,50060,500601620,NA,NA,NA
"329","Arlin Falck AL","No","S0081",64,"Winneshiek","Laurie","Kreul","(563) 387-3777","(563) 382-8788","barthelloeshome@yahoo.com","POINT (-91.776417 43.293585)","911 Ridgewood Dr","Decorah","Iowa",521012354,52101,521012354,NA,NA,NA
"330","Prairie Hills at Independence","Yes","S0229",104,"Buchanan","Tammy","Rasmussen","(319) 334-2000","(319) 334-3015","edindependence@symphonyseniorliving.com","POINT (-91.898573 42.45066)","505 Enterprise Drive SW","Independence","Iowa",506449603,50644,506449603,NA,NA,NA
"331","Fountains Assisted Living","Yes","S0236",136,"Scott","Clayton","Ward","(563) 332-5775","(563) 332-5296","clayton.ward@fountainsseniorliving.com","POINT (-90.479844 41.579393)","3752 Thunder Ridge Road","Bettendorf","Iowa",527221210,52722,527221210,NA,NA,NA
"332","Westside AL Suites","No","S0334",24,"Butler","Betsy","Schmitt","(319) 278-4900","(319) 278-4166","westsideassistedliving@gmail.com","POINT (-92.674873 42.784815)","110 Ely Street","Clarksville","Iowa",50619,50619,50619,NA,NA,NA
"333","Windsor Manor Grinnell","Yes","S0224",70,"Poweshiek","Debby","Cooper","(641) 236-8700","(641) 236-9514","debby.cooper@windsor-manor.com","POINT (-92.730273 41.734386)","229 PEARL STREET","GRINNELL","Iowa",501122593,50112,501122593,NA,NA,NA
"334","Elms","No","S0341",24,"Grundy","Misti","Ellis","(319) 345-6811","(319) 345-2624","mellis@parkviewreinbeck.com","POINT (-92.607953 42.323978)","1007 3rd Street","Reinbeck","Iowa",50669,50669,50669,NA,NA,NA
"335","Sigourney AL","No","S0144",18,"Keokuk","Harold","McElderry","(641) 622-2971","(641) 622-3165","Sigourney.admin@imgcares.com","POINT (-92.20755 41.327283)","810 South Stone Street","Sigourney","Iowa",525911244,52591,525911244,NA,NA,NA
